Job_ID,Job_Title,Industry,Skills_Required,Education_Required,Experience_Level,Location,Salary_Range,Demand_Level,Unnamed: 9,Unnamed: 10,Unnamed: 11,Unnamed: 12,Unnamed: 13,Salary_Lower,Job_Title_Encoded,Industry_Encoded,Location_Encoded,Experience_Level_Encoded,Demand_Level_Encoded,Skills_List
1,Software Engineer,IT,"Python, Java, SQL, Problem-Solving",Bachelors in Computer Science,Mid-level,Colombo,150000-200000,High,,,,,,150000.0,40,4,0,3,2,"['Python', 'Java', 'SQL', 'Problem-Solving']"
2,Data Analyst,IT,"Python, R, Excel, Data Visualization",Bachelors in Data Science,Entry-level,Kandy,100000-130000,Medium,,,,,,100000.0,7,4,4,1,3,"['Python', 'R', 'Excel', 'Data Visualization']"
3,Network Administrator,IT,"Networking, Cybersecurity, Linux",Diploma in IT,Mid-level,Galle,120000-160000,Medium,,,,,,120000.0,28,4,1,3,3,"['Networking', 'Cybersecurity', 'Linux']"
4,Web Developer,IT,"HTML, CSS, JavaScript, React",Bachelors in Software Engineering,Entry-level,Colombo,110000-140000,High,,,,,,110000.0,44,4,0,1,2,"['HTML', 'CSS', 'JavaScript', 'React']"
7,Software Engineer,IT,"Java, Spring Boot, Agile Methodologies",Bachelors in Computer Science,Senior-level,Colombo,200000-250000,High,,,,,,200000.0,40,4,0,4,2,"['Java', 'Spring Boot', 'Agile Methodologies']"
8,Data Scientist,IT,"Machine Learning, Python, Statistics",Masters in Data Science,Mid-level,Kandy,180000-220000,High,,,,,,180000.0,9,4,4,3,2,"['Machine Learning', 'Python', 'Statistics']"
11,DevOps Engineer,IT,"AWS, Docker, Kubernetes, CI/CD",Bachelors in Computer Science,Mid-level,Colombo,160000-200000,High,,,,,,160000.0,11,4,0,3,2,"['AWS', 'Docker', 'Kubernetes', 'CI/CD']"
12,Mobile App Developer,IT,"Flutter, Dart, Android Development",Bachelors in Software Engineering,Entry-level,Kandy,110000-150000,High,,,,,,110000.0,27,4,4,1,2,"['Flutter', 'Dart', 'Android Development']"
15,Business Analyst,IT,"Requirements Analysis, SQL, Communication",Bachelors in Business Information Systems,Mid-level,Colombo,130000-160000,High,,,,,,130000.0,3,4,0,3,2,"['Requirements Analysis', 'SQL', 'Communication']"
17,UI/UX Designer,IT,"Figma, Adobe XD, User Research",Bachelors in Design,Entry-level,Colombo,100000-140000,High,,,,,,100000.0,43,4,0,1,2,"['Figma', 'Adobe XD', 'User Research']"
19,Project Manager,IT,"Project Management, Agile, Leadership",Bachelors in IT Management,Senior-level,Colombo,180000-220000,High,,,,,,180000.0,35,4,0,4,2,"['Project Management', 'Agile', 'Leadership']"
21,Full Stack Developer,IT,"Python, JavaScript, Node.js, React",Bachelors in Computer Science,Mid-level,Colombo,150000-190000,High,,,,,,150000.0,16,4,0,3,2,"['Python', 'JavaScript', 'Node.js', 'React']"
22,Database Administrator,IT,"SQL, Oracle, Database Management",Bachelors in IT,Mid-level,Galle,120000-160000,Medium,,,,,,120000.0,10,4,1,3,3,"['SQL', 'Oracle', 'Database Management']"
25,Cybersecurity Analyst,IT,"Cybersecurity, Ethical Hacking, Risk Assessment",Bachelors in Cybersecurity,Mid-level,Colombo,140000-180000,High,,,,,,140000.0,6,4,0,3,2,"['Cybersecurity', 'Ethical Hacking', 'Risk Assessment']"
27,AI Engineer,IT,"Machine Learning, TensorFlow, Python",Masters in AI,Mid-level,Colombo,180000-220000,High,,,,,,180000.0,0,4,0,3,2,"['Machine Learning', 'TensorFlow', 'Python']"
30,IT Support Specialist,IT,"Troubleshooting, Networking, Customer Service",Diploma in IT,Entry-level,Kandy,80000-110000,Medium,,,,,,80000.0,20,4,4,1,3,"['Troubleshooting', 'Networking', 'Customer Service']"
31,Software Engineer,IT,"Python, Django, SQL",Bachelors in Computer Science,Mid-level,Colombo,150000-200000,High,,,,,,150000.0,40,4,0,3,2,"['Python', 'Django', 'SQL']"
32,Data Engineer,IT,"ETL, Python, Big Data",Bachelors in Data Science,Mid-level,Kandy,140000-180000,High,,,,,,140000.0,8,4,4,3,2,"['ETL', 'Python', 'Big Data']"
35,Cloud Engineer,IT,"AWS, Azure, Cloud Architecture",Bachelors in IT,Senior-level,Colombo,180000-220000,High,,,,,,180000.0,5,4,0,4,2,"['AWS', 'Azure', 'Cloud Architecture']"
37,Graphic Designer,IT,"Adobe Photoshop, Illustrator, Creativity",Diploma in Graphic Design,Entry-level,Colombo,90000-120000,Medium,,,,,,90000.0,17,4,0,1,3,"['Adobe Photoshop', 'Illustrator', 'Creativity']"
39,Scrum Master,IT,"Agile, Scrum, Leadership",Bachelors in IT Management,Mid-level,Colombo,140000-180000,High,,,,,,140000.0,39,4,0,3,2,"['Agile', 'Scrum', 'Leadership']"
41,Backend Developer,IT,"Node.js, Express, MongoDB",Bachelors in Software Engineering,Mid-level,Colombo,130000-170000,High,,,,,,130000.0,2,4,0,3,2,"['Node.js', 'Express', 'MongoDB']"
43,Data Analyst,IT,"SQL, Python, Data Visualization",Bachelors in Data Science,Entry-level,Galle,100000-130000,Medium,,,,,,100000.0,7,4,1,1,3,"['SQL', 'Python', 'Data Visualization']"
46,Network Engineer,IT,"Cisco, Networking, Troubleshooting",Bachelors in IT,Mid-level,Kandy,120000-160000,Medium,,,,,,120000.0,29,4,4,3,3,"['Cisco', 'Networking', 'Troubleshooting']"
48,Software Tester,IT,"Manual Testing, Automation, Selenium",Bachelors in Software Engineering,Entry-level,Colombo,100000-140000,High,,,,,,100000.0,41,4,0,1,2,"['Manual Testing', 'Automation', 'Selenium']"
50,Business Analyst,IT,"Requirements Analysis, SQL, Agile",Bachelors in Business Information Systems,Mid-level,Colombo,130000-160000,High,,,,,,130000.0,3,4,0,3,2,"['Requirements Analysis', 'SQL', 'Agile']"
51,Frontend Developer,IT,"React, JavaScript, CSS",Bachelors in Software Engineering,Entry-level,Colombo,110000-150000,High,,,,,,110000.0,15,4,0,1,2,"['React', 'JavaScript', 'CSS']"
52,Data Scientist,IT,"Python, Machine Learning, Statistics",Masters in Data Science,Mid-level,Kandy,180000-220000,High,,,,,,180000.0,9,4,4,3,2,"['Python', 'Machine Learning', 'Statistics']"
53,Network Administrator,IT,"Networking, Linux, Cybersecurity",Diploma in IT,Mid-level,Galle,120000-160000,Medium,,,,,,120000.0,28,4,1,3,3,"['Networking', 'Linux', 'Cybersecurity']"
54,Web Developer,IT,"HTML, CSS, JavaScript, Angular",Bachelors in Software Engineering,Entry-level,Colombo,110000-140000,High,,,,,,110000.0,44,4,0,1,2,"['HTML', 'CSS', 'JavaScript', 'Angular']"
57,Software Engineer,IT,"Java, Spring, SQL",Bachelors in Computer Science,Senior-level,Colombo,200000-250000,High,,,,,,200000.0,40,4,0,4,2,"['Java', 'Spring', 'SQL']"
58,Data Analyst,IT,"SQL, Python, Data Visualization",Bachelors in Data Science,Entry-level,Kandy,100000-130000,Medium,,,,,,100000.0,7,4,4,1,3,"['SQL', 'Python', 'Data Visualization']"
61,DevOps Engineer,IT,"AWS, Docker, CI/CD",Bachelors in Computer Science,Mid-level,Colombo,160000-200000,High,,,,,,160000.0,11,4,0,3,2,"['AWS', 'Docker', 'CI/CD']"
62,Mobile App Developer,IT,"Flutter, Dart, iOS Development",Bachelors in Software Engineering,Entry-level,Kandy,110000-150000,High,,,,,,110000.0,27,4,4,1,2,"['Flutter', 'Dart', 'iOS Development']"
65,Business Analyst,IT,"Requirements Analysis, SQL, Agile",Bachelors in Business Information Systems,Mid-level,Colombo,130000-160000,High,,,,,,130000.0,3,4,0,3,2,"['Requirements Analysis', 'SQL', 'Agile']"
67,UI/UX Designer,IT,"Figma, Adobe XD, User Research",Bachelors in Design,Entry-level,Colombo,100000-140000,High,,,,,,100000.0,43,4,0,1,2,"['Figma', 'Adobe XD', 'User Research']"
69,Project Manager,IT,"Project Management, Agile, Leadership",Bachelors in IT Management,Senior-level,Colombo,180000-220000,High,,,,,,180000.0,35,4,0,4,2,"['Project Management', 'Agile', 'Leadership']"
71,Full Stack Developer,IT,"Python, JavaScript, Node.js, React",Bachelors in Computer Science,Mid-level,Colombo,150000-190000,High,,,,,,150000.0,16,4,0,3,2,"['Python', 'JavaScript', 'Node.js', 'React']"
72,Database Administrator,IT,"SQL, Oracle, Database Management",Bachelors in IT,Mid-level,Galle,120000-160000,Medium,,,,,,120000.0,10,4,1,3,3,"['SQL', 'Oracle', 'Database Management']"
75,Cybersecurity Analyst,IT,"Cybersecurity, Ethical Hacking, Risk Assessment",Bachelors in Cybersecurity,Mid-level,Colombo,140000-180000,High,,,,,,140000.0,6,4,0,3,2,"['Cybersecurity', 'Ethical Hacking', 'Risk Assessment']"
77,AI Engineer,IT,"Machine Learning, TensorFlow, Python",Masters in AI,Mid-level,Colombo,180000-220000,High,,,,,,180000.0,0,4,0,3,2,"['Machine Learning', 'TensorFlow', 'Python']"
80,IT Support Specialist,IT,"Troubleshooting, Networking, Customer Service",Diploma in IT,Entry-level,Kandy,80000-110000,Medium,,,,,,80000.0,20,4,4,1,3,"['Troubleshooting', 'Networking', 'Customer Service']"
81,Software Engineer,IT,"Python, Django, SQL",Bachelors in Computer Science,Mid-level,Colombo,150000-200000,High,,,,,,150000.0,40,4,0,3,2,"['Python', 'Django', 'SQL']"
82,Data Engineer,IT,"ETL, Python, Big Data",Bachelors in Data Science,Mid-level,Kandy,140000-180000,High,,,,,,140000.0,8,4,4,3,2,"['ETL', 'Python', 'Big Data']"
85,Cloud Engineer,IT,"AWS, Azure, Cloud Architecture",Bachelors in IT,Senior-level,Colombo,180000-220000,High,,,,,,180000.0,5,4,0,4,2,"['AWS', 'Azure', 'Cloud Architecture']"
87,Graphic Designer,IT,"Adobe Photoshop, Illustrator, Creativity",Diploma in Graphic Design,Entry-level,Colombo,90000-120000,Medium,,,,,,90000.0,17,4,0,1,3,"['Adobe Photoshop', 'Illustrator', 'Creativity']"
89,Scrum Master,IT,"Agile, Scrum, Leadership",Bachelors in IT Management,Mid-level,Colombo,140000-180000,High,,,,,,140000.0,39,4,0,3,2,"['Agile', 'Scrum', 'Leadership']"
91,Backend Developer,IT,"Node.js, Express, MongoDB",Bachelors in Software Engineering,Mid-level,Colombo,130000-170000,High,,,,,,130000.0,2,4,0,3,2,"['Node.js', 'Express', 'MongoDB']"
93,Data Analyst,IT,"SQL, Python, Data Visualization",Bachelors in Data Science,Entry-level,Galle,100000-130000,Medium,,,,,,100000.0,7,4,1,1,3,"['SQL', 'Python', 'Data Visualization']"
96,Network Engineer,IT,"Cisco, Networking, Troubleshooting",Bachelors in IT,Mid-level,Kandy,120000-160000,Medium,,,,,,120000.0,29,4,4,3,3,"['Cisco', 'Networking', 'Troubleshooting']"
98,Software Tester,IT,"Manual Testing, Automation, Selenium",Bachelors in Software Engineering,Entry-level,Colombo,100000-140000,High,,,,,,100000.0,41,4,0,1,2,"['Manual Testing', 'Automation', 'Selenium']"
100,Business Analyst,IT,"Requirements Analysis, SQL, Agile",Bachelors in Business Information Systems,Mid-level,Colombo,130000-160000,High,,,,,,130000.0,3,4,0,3,2,"['Requirements Analysis', 'SQL', 'Agile']"
101,Software Engineer,IT,"Python, Java, SQL",Bachelors in Computer Science,Mid-level,Colombo,150000-200000,High,,,,,,150000.0,40,4,0,3,2,"['Python', 'Java', 'SQL']"
102,Data Analyst,IT,"Python, Excel, Data Visualization",Bachelors in Data Science,Entry-level,Kandy,100000-130000,Medium,,,,,,100000.0,7,4,4,1,3,"['Python', 'Excel', 'Data Visualization']"
103,Network Administrator,IT,"Networking, Cybersecurity, Linux",Diploma in IT,Mid-level,Galle,120000-160000,Medium,,,,,,120000.0,28,4,1,3,3,"['Networking', 'Cybersecurity', 'Linux']"
104,Web Developer,IT,"HTML, CSS, JavaScript",Bachelors in Software Engineering,Entry-level,Colombo,110000-140000,High,,,,,,110000.0,44,4,0,1,2,"['HTML', 'CSS', 'JavaScript']"
107,Software Engineer,IT,"Java, Spring Boot, SQL",Bachelors in Computer Science,Senior-level,Colombo,200000-250000,High,,,,,,200000.0,40,4,0,4,2,"['Java', 'Spring Boot', 'SQL']"
108,Data Scientist,IT,"Machine Learning, Python, R",Masters in Data Science,Mid-level,Kandy,180000-220000,High,,,,,,180000.0,9,4,4,3,2,"['Machine Learning', 'Python', 'R']"
111,DevOps Engineer,IT,"AWS, Docker, Kubernetes",Bachelors in Computer Science,Mid-level,Colombo,160000-200000,High,,,,,,160000.0,11,4,0,3,2,"['AWS', 'Docker', 'Kubernetes']"
112,Mobile App Developer,IT,"Flutter, Android Development",Bachelors in Software Engineering,Entry-level,Kandy,110000-150000,High,,,,,,110000.0,27,4,4,1,2,"['Flutter', 'Android Development']"
115,Business Analyst,IT,"Requirements Analysis, SQL",Bachelors in Business Information Systems,Mid-level,Colombo,130000-160000,High,,,,,,130000.0,3,4,0,3,2,"['Requirements Analysis', 'SQL']"
117,UI/UX Designer,IT,"Figma, User Research",Bachelors in Design,Entry-level,Colombo,100000-140000,High,,,,,,100000.0,43,4,0,1,2,"['Figma', 'User Research']"
119,Project Manager,IT,"Project Management, Agile",Bachelors in IT Management,Senior-level,Colombo,180000-220000,High,,,,,,180000.0,35,4,0,4,2,"['Project Management', 'Agile']"
121,Full Stack Developer,IT,"Python, JavaScript, React",Bachelors in Computer Science,Mid-level,Colombo,150000-190000,High,,,,,,150000.0,16,4,0,3,2,"['Python', 'JavaScript', 'React']"
122,Database Administrator,IT,"SQL, Oracle",Bachelors in IT,Mid-level,Galle,120000-160000,Medium,,,,,,120000.0,10,4,1,3,3,"['SQL', 'Oracle']"
125,Cybersecurity Analyst,IT,"Cybersecurity, Risk Assessment",Bachelors in Cybersecurity,Mid-level,Colombo,140000-180000,High,,,,,,140000.0,6,4,0,3,2,"['Cybersecurity', 'Risk Assessment']"
127,AI Engineer,IT,"Machine Learning, Python",Masters in AI,Mid-level,Colombo,180000-220000,High,,,,,,180000.0,0,4,0,3,2,"['Machine Learning', 'Python']"
130,IT Support Specialist,IT,"Troubleshooting, Customer Service",Diploma in IT,Entry-level,Kandy,80000-110000,Medium,,,,,,80000.0,20,4,4,1,3,"['Troubleshooting', 'Customer Service']"
131,Software Engineer,IT,"Python, SQL, Django",Bachelors in Computer Science,Mid-level,Colombo,150000-200000,High,,,,,,150000.0,40,4,0,3,2,"['Python', 'SQL', 'Django']"
132,Data Engineer,IT,"ETL, Big Data",Bachelors in Data Science,Mid-level,Kandy,140000-180000,High,,,,,,140000.0,8,4,4,3,2,"['ETL', 'Big Data']"
135,Cloud Engineer,IT,"AWS, Azure",Bachelors in IT,Senior-level,Colombo,180000-220000,High,,,,,,180000.0,5,4,0,4,2,"['AWS', 'Azure']"
137,Graphic Designer,IT,"Adobe Photoshop, Creativity",Diploma in Graphic Design,Entry-level,Colombo,90000-120000,Medium,,,,,,90000.0,17,4,0,1,3,"['Adobe Photoshop', 'Creativity']"
139,Scrum Master,IT,"Agile, Leadership",Bachelors in IT Management,Mid-level,Colombo,140000-180000,High,,,,,,140000.0,39,4,0,3,2,"['Agile', 'Leadership']"
141,Backend Developer,IT,"Node.js, MongoDB",Bachelors in Software Engineering,Mid-level,Colombo,130000-170000,High,,,,,,130000.0,2,4,0,3,2,"['Node.js', 'MongoDB']"
143,Data Analyst,IT,"SQL, Python",Bachelors in Data Science,Entry-level,Galle,100000-130000,Medium,,,,,,100000.0,7,4,1,1,3,"['SQL', 'Python']"
146,Network Engineer,IT,"Cisco, Troubleshooting",Bachelors in IT,Mid-level,Kandy,120000-160000,Medium,,,,,,120000.0,29,4,4,3,3,"['Cisco', 'Troubleshooting']"
148,Software Tester,IT,"Manual Testing, Selenium",Bachelors in Software Engineering,Entry-level,Colombo,100000-140000,High,,,,,,100000.0,41,4,0,1,2,"['Manual Testing', 'Selenium']"
150,Business Analyst,IT,"Requirements Analysis, Agile",Bachelors in Business Information Systems,Mid-level,Colombo,130000-160000,High,,,,,,130000.0,3,4,0,3,2,"['Requirements Analysis', 'Agile']"
151,Software Engineer,IT,"Python, Java, SQL",Bachelors in Computer Science,Mid-level,Colombo,150000-200000,High,,,,,,150000.0,40,4,0,3,2,"['Python', 'Java', 'SQL']"
152,Data Analyst,IT,"Python, Excel, Data Visualization",Bachelors in Data Science,Entry-level,Kandy,100000-130000,Medium,,,,,,100000.0,7,4,4,1,3,"['Python', 'Excel', 'Data Visualization']"
153,Network Administrator,IT,"Networking, Cybersecurity",Diploma in IT,Mid-level,Galle,120000-160000,Medium,,,,,,120000.0,28,4,1,3,3,"['Networking', 'Cybersecurity']"
154,Web Developer,IT,"HTML, CSS, React",Bachelors in Software Engineering,Entry-level,Colombo,110000-140000,High,,,,,,110000.0,44,4,0,1,2,"['HTML', 'CSS', 'React']"
157,Software Engineer,IT,"Java, Spring Boot",Bachelors in Computer Science,Senior-level,Colombo,200000-250000,High,,,,,,200000.0,40,4,0,4,2,"['Java', 'Spring Boot']"
158,Data Scientist,IT,"Machine Learning, Python",Masters in Data Science,Mid-level,Kandy,180000-220000,High,,,,,,180000.0,9,4,4,3,2,"['Machine Learning', 'Python']"
161,DevOps Engineer,IT,"AWS, Docker",Bachelors in Computer Science,Mid-level,Colombo,160000-200000,High,,,,,,160000.0,11,4,0,3,2,"['AWS', 'Docker']"
162,Mobile App Developer,IT,"Flutter, Android Development",Bachelors in Software Engineering,Entry-level,Kandy,110000-150000,High,,,,,,110000.0,27,4,4,1,2,"['Flutter', 'Android Development']"
165,Business Analyst,IT,"Requirements Analysis, SQL",Bachelors in Business Information Systems,Mid-level,Colombo,130000-160000,High,,,,,,130000.0,3,4,0,3,2,"['Requirements Analysis', 'SQL']"
167,UI/UX Designer,IT,"Figma, User Research",Bachelors in Design,Entry-level,Colombo,100000-140000,High,,,,,,100000.0,43,4,0,1,2,"['Figma', 'User Research']"
169,Project Manager,IT,"Project Management, Agile",Bachelors in IT Management,Senior-level,Colombo,180000-220000,High,,,,,,180000.0,35,4,0,4,2,"['Project Management', 'Agile']"
171,Full Stack Developer,IT,"Python, JavaScript, React",Bachelors in Computer Science,Mid-level,Colombo,150000-190000,High,,,,,,150000.0,16,4,0,3,2,"['Python', 'JavaScript', 'React']"
172,Database Administrator,IT,"SQL, Oracle",Bachelors in IT,Mid-level,Galle,120000-160000,Medium,,,,,,120000.0,10,4,1,3,3,"['SQL', 'Oracle']"
175,Cybersecurity Analyst,IT,"Cybersecurity, Risk Assessment",Bachelors in Cybersecurity,Mid-level,Colombo,140000-180000,High,,,,,,140000.0,6,4,0,3,2,"['Cybersecurity', 'Risk Assessment']"
177,AI Engineer,IT,"Machine Learning, Python",Masters in AI,Mid-level,Colombo,180000-220000,High,,,,,,180000.0,0,4,0,3,2,"['Machine Learning', 'Python']"
180,IT Support Specialist,IT,"Troubleshooting, Customer Service",Diploma in IT,Entry-level,Kandy,80000-110000,Medium,,,,,,80000.0,20,4,4,1,3,"['Troubleshooting', 'Customer Service']"
181,Software Engineer,IT,"Python, SQL, Django",Bachelors in Computer Science,Mid-level,Colombo,150000-200000,High,,,,,,150000.0,40,4,0,3,2,"['Python', 'SQL', 'Django']"
182,Data Engineer,IT,"ETL, Big Data",Bachelors in Data Science,Mid-level,Kandy,140000-180000,High,,,,,,140000.0,8,4,4,3,2,"['ETL', 'Big Data']"
185,Cloud Engineer,IT,"AWS, Azure",Bachelors in IT,Senior-level,Colombo,180000-220000,High,,,,,,180000.0,5,4,0,4,2,"['AWS', 'Azure']"
187,Graphic Designer,IT,"Adobe Photoshop, Creativity",Diploma in Graphic Design,Entry-level,Colombo,90000-120000,Medium,,,,,,90000.0,17,4,0,1,3,"['Adobe Photoshop', 'Creativity']"
189,Scrum Master,IT,"Agile, Leadership",Bachelors in IT Management,Mid-level,Colombo,140000-180000,High,,,,,,140000.0,39,4,0,3,2,"['Agile', 'Leadership']"
191,Backend Developer,IT,"Node.js, MongoDB",Bachelors in Software Engineering,Mid-level,Colombo,130000-170000,High,,,,,,130000.0,2,4,0,3,2,"['Node.js', 'MongoDB']"
193,Data Analyst,IT,"SQL, Python",Bachelors in Data Science,Entry-level,Galle,100000-130000,Medium,,,,,,100000.0,7,4,1,1,3,"['SQL', 'Python']"
196,Network Engineer,IT,"Cisco, Troubleshooting",Bachelors in IT,Mid-level,Kandy,120000-160000,Medium,,,,,,120000.0,29,4,4,3,3,"['Cisco', 'Troubleshooting']"
198,Software Tester,IT,"Manual Testing, Selenium",Bachelors in Software Engineering,Entry-level,Colombo,100000-140000,High,,,,,,100000.0,41,4,0,1,2,"['Manual Testing', 'Selenium']"
200,Business Analyst,IT,"Requirements Analysis, Agile",Bachelors in Business Information Systems,Mid-level,Colombo,130000-160000,High,,,,,,130000.0,3,4,0,3,2,"['Requirements Analysis', 'Agile']"
201,Software Engineer,IT,"Python, Java, SQL",Bachelors in Computer Science,Mid-level,Colombo,150000-200000,High,,,,,,150000.0,40,4,0,3,2,"['Python', 'Java', 'SQL']"
202,Data Analyst,IT,"Python, Excel, Data Visualization",Bachelors in Data Science,Entry-level,Kandy,100000-130000,Medium,,,,,,100000.0,7,4,4,1,3,"['Python', 'Excel', 'Data Visualization']"
203,Network Administrator,IT,"Networking, Cybersecurity",Diploma in IT,Mid-level,Galle,120000-160000,Medium,,,,,,120000.0,28,4,1,3,3,"['Networking', 'Cybersecurity']"
204,Web Developer,IT,"HTML, CSS, React",Bachelors in Software Engineering,Entry-level,Colombo,110000-140000,High,,,,,,110000.0,44,4,0,1,2,"['HTML', 'CSS', 'React']"
207,Software Engineer,IT,"Java, Spring Boot",Bachelors in Computer Science,Senior-level,Colombo,200000-250000,High,,,,,,200000.0,40,4,0,4,2,"['Java', 'Spring Boot']"
208,Data Scientist,IT,"Machine Learning, Python",Masters in Data Science,Mid-level,Kandy,180000-220000,High,,,,,,180000.0,9,4,4,3,2,"['Machine Learning', 'Python']"
211,DevOps Engineer,IT,"AWS, Docker",Bachelors in Computer Science,Mid-level,Colombo,160000-200000,High,,,,,,160000.0,11,4,0,3,2,"['AWS', 'Docker']"
212,Mobile App Developer,IT,"Flutter, Android Development",Bachelors in Software Engineering,Entry-level,Kandy,110000-150000,High,,,,,,110000.0,27,4,4,1,2,"['Flutter', 'Android Development']"
215,Business Analyst,IT,"Requirements Analysis, SQL",Bachelors in Business Information Systems,Mid-level,Colombo,130000-160000,High,,,,,,130000.0,3,4,0,3,2,"['Requirements Analysis', 'SQL']"
217,UI/UX Designer,IT,"Figma, User Research",Bachelors in Design,Entry-level,Colombo,100000-140000,High,,,,,,100000.0,43,4,0,1,2,"['Figma', 'User Research']"
219,Project Manager,IT,"Project Management, Agile",Bachelors in IT Management,Senior-level,Colombo,180000-220000,High,,,,,,180000.0,35,4,0,4,2,"['Project Management', 'Agile']"
221,Full Stack Developer,IT,"Python, JavaScript, React",Bachelors in Computer Science,Mid-level,Colombo,150000-190000,High,,,,,,150000.0,16,4,0,3,2,"['Python', 'JavaScript', 'React']"
222,Database Administrator,IT,"SQL, Oracle",Bachelors in IT,Mid-level,Galle,120000-160000,Medium,,,,,,120000.0,10,4,1,3,3,"['SQL', 'Oracle']"
225,Cybersecurity Analyst,IT,"Cybersecurity, Risk Assessment",Bachelors in Cybersecurity,Mid-level,Colombo,140000-180000,High,,,,,,140000.0,6,4,0,3,2,"['Cybersecurity', 'Risk Assessment']"
227,AI Engineer,IT,"Machine Learning, Python",Masters in AI,Mid-level,Colombo,180000-220000,High,,,,,,180000.0,0,4,0,3,2,"['Machine Learning', 'Python']"
230,IT Support Specialist,IT,"Troubleshooting, Customer Service",Diploma in IT,Entry-level,Kandy,80000-110000,Medium,,,,,,80000.0,20,4,4,1,3,"['Troubleshooting', 'Customer Service']"
231,Software Engineer,IT,"Python, SQL, Django",Bachelors in Computer Science,Mid-level,Colombo,150000-200000,High,,,,,,150000.0,40,4,0,3,2,"['Python', 'SQL', 'Django']"
232,Data Engineer,IT,"ETL, Big Data",Bachelors in Data Science,Mid-level,Kandy,140000-180000,High,,,,,,140000.0,8,4,4,3,2,"['ETL', 'Big Data']"
235,Cloud Engineer,IT,"AWS, Azure",Bachelors in IT,Senior-level,Colombo,180000-220000,High,,,,,,180000.0,5,4,0,4,2,"['AWS', 'Azure']"
237,Graphic Designer,IT,"Adobe Photoshop, Creativity",Diploma in Graphic Design,Entry-level,Colombo,90000-120000,Medium,,,,,,90000.0,17,4,0,1,3,"['Adobe Photoshop', 'Creativity']"
239,Scrum Master,IT,"Agile, Leadership",Bachelors in IT Management,Mid-level,Colombo,140000-180000,High,,,,,,140000.0,39,4,0,3,2,"['Agile', 'Leadership']"
241,Backend Developer,IT,"Node.js, MongoDB",Bachelors in Software Engineering,Mid-level,Colombo,130000-170000,High,,,,,,130000.0,2,4,0,3,2,"['Node.js', 'MongoDB']"
243,Data Analyst,IT,"SQL, Python",Bachelors in Data Science,Entry-level,Galle,100000-130000,Medium,,,,,,100000.0,7,4,1,1,3,"['SQL', 'Python']"
246,Network Engineer,IT,"Cisco, Troubleshooting",Bachelors in IT,Mid-level,Kandy,120000-160000,Medium,,,,,,120000.0,29,4,4,3,3,"['Cisco', 'Troubleshooting']"
248,Software Tester,IT,"Manual Testing, Selenium",Bachelors in Software Engineering,Entry-level,Colombo,100000-140000,High,,,,,,100000.0,41,4,0,1,2,"['Manual Testing', 'Selenium']"
250,Business Analyst,IT,"Requirements Analysis, Agile",Bachelors in Business Information Systems,Mid-level,Colombo,130000-160000,High,,,,,,130000.0,3,4,0,3,2,"['Requirements Analysis', 'Agile']"
251,Software Engineer,IT,"Python, Java, SQL",Bachelors in Computer Science,Mid-level,Colombo,150000-200000,High,,,,,,150000.0,40,4,0,3,2,"['Python', 'Java', 'SQL']"
252,Data Analyst,IT,"Python, Excel, Data Visualization",Bachelors in Data Science,Entry-level,Kandy,100000-130000,Medium,,,,,,100000.0,7,4,4,1,3,"['Python', 'Excel', 'Data Visualization']"
253,Network Administrator,IT,"Networking, Cybersecurity",Diploma in IT,Mid-level,Galle,120000-160000,Medium,,,,,,120000.0,28,4,1,3,3,"['Networking', 'Cybersecurity']"
254,Web Developer,IT,"HTML, CSS, React",Bachelors in Software Engineering,Entry-level,Colombo,110000-140000,High,,,,,,110000.0,44,4,0,1,2,"['HTML', 'CSS', 'React']"
257,Software Engineer,IT,"Java, Spring Boot",Bachelors in Computer Science,Senior-level,Colombo,200000-250000,High,,,,,,200000.0,40,4,0,4,2,"['Java', 'Spring Boot']"
258,Data Scientist,IT,"Machine Learning, Python",Masters in Data Science,Mid-level,Kandy,180000-220000,High,,,,,,180000.0,9,4,4,3,2,"['Machine Learning', 'Python']"
261,DevOps Engineer,IT,"AWS, Docker",Bachelors in Computer Science,Mid-level,Colombo,160000-200000,High,,,,,,160000.0,11,4,0,3,2,"['AWS', 'Docker']"
262,Mobile App Developer,IT,"Flutter, Android Development",Bachelors in Software Engineering,Entry-level,Kandy,110000-150000,High,,,,,,110000.0,27,4,4,1,2,"['Flutter', 'Android Development']"
265,Business Analyst,IT,"Requirements Analysis, SQL",Bachelors in Business Information Systems,Mid-level,Colombo,130000-160000,High,,,,,,130000.0,3,4,0,3,2,"['Requirements Analysis', 'SQL']"
267,UI/UX Designer,IT,"Figma, User Research",Bachelors in Design,Entry-level,Colombo,100000-140000,High,,,,,,100000.0,43,4,0,1,2,"['Figma', 'User Research']"
269,Project Manager,IT,"Project Management, Agile",Bachelors in IT Management,Senior-level,Colombo,180000-220000,High,,,,,,180000.0,35,4,0,4,2,"['Project Management', 'Agile']"
271,Full Stack Developer,IT,"Python, JavaScript, React",Bachelors in Computer Science,Mid-level,Colombo,150000-190000,High,,,,,,150000.0,16,4,0,3,2,"['Python', 'JavaScript', 'React']"
272,Database Administrator,IT,"SQL, Oracle",Bachelors in IT,Mid-level,Galle,120000-160000,Medium,,,,,,120000.0,10,4,1,3,3,"['SQL', 'Oracle']"
275,Cybersecurity Analyst,IT,"Cybersecurity, Risk Assessment",Bachelors in Cybersecurity,Mid-level,Colombo,140000-180000,High,,,,,,140000.0,6,4,0,3,2,"['Cybersecurity', 'Risk Assessment']"
277,AI Engineer,IT,"Machine Learning, Python",Masters in AI,Mid-level,Colombo,180000-220000,High,,,,,,180000.0,0,4,0,3,2,"['Machine Learning', 'Python']"
280,IT Support Specialist,IT,"Troubleshooting, Customer Service",Diploma in IT,Entry-level,Kandy,80000-110000,Medium,,,,,,80000.0,20,4,4,1,3,"['Troubleshooting', 'Customer Service']"
281,Software Engineer,IT,"Python, SQL, Django",Bachelors in Computer Science,Mid-level,Colombo,150000-200000,High,,,,,,150000.0,40,4,0,3,2,"['Python', 'SQL', 'Django']"
282,Data Engineer,IT,"ETL, Big Data",Bachelors in Data Science,Mid-level,Kandy,140000-180000,High,,,,,,140000.0,8,4,4,3,2,"['ETL', 'Big Data']"
285,Cloud Engineer,IT,"AWS, Azure",Bachelors in IT,Senior-level,Colombo,180000-220000,High,,,,,,180000.0,5,4,0,4,2,"['AWS', 'Azure']"
287,Graphic Designer,IT,"Adobe Photoshop, Creativity",Diploma in Graphic Design,Entry-level,Colombo,90000-120000,Medium,,,,,,90000.0,17,4,0,1,3,"['Adobe Photoshop', 'Creativity']"
289,Scrum Master,IT,"Agile, Leadership",Bachelors in IT Management,Mid-level,Colombo,140000-180000,High,,,,,,140000.0,39,4,0,3,2,"['Agile', 'Leadership']"
291,Backend Developer,IT,"Node.js, MongoDB",Bachelors in Software Engineering,Mid-level,Colombo,130000-170000,High,,,,,,130000.0,2,4,0,3,2,"['Node.js', 'MongoDB']"
293,Data Analyst,IT,"SQL, Python",Bachelors in Data Science,Entry-level,Galle,100000-130000,Medium,,,,,,100000.0,7,4,1,1,3,"['SQL', 'Python']"
296,Network Engineer,IT,"Cisco, Troubleshooting",Bachelors in IT,Mid-level,Kandy,120000-160000,Medium,,,,,,120000.0,29,4,4,3,3,"['Cisco', 'Troubleshooting']"
298,Software Tester,IT,"Manual Testing, Selenium",Bachelors in Software Engineering,Entry-level,Colombo,100000-140000,High,,,,,,100000.0,41,4,0,1,2,"['Manual Testing', 'Selenium']"
300,Business Analyst,IT,"Requirements Analysis, Agile",Bachelors in Business Information Systems,Mid-level,Colombo,130000-160000,High,,,,,,130000.0,3,4,0,3,2,"['Requirements Analysis', 'Agile']"
301,Software Engineer,IT,"Python, Java, SQL",Bachelors in Computer Science,Mid-level,Colombo,150000-200000,High,,,,,,150000.0,40,4,0,3,2,"['Python', 'Java', 'SQL']"
302,Data Analyst,IT,"Python, Excel, Data Visualization",Bachelors in Data Science,Entry-level,Kandy,100000-130000,Medium,,,,,,100000.0,7,4,4,1,3,"['Python', 'Excel', 'Data Visualization']"
303,Network Administrator,IT,"Networking, Cybersecurity",Diploma in IT,Mid-level,Galle,120000-160000,Medium,,,,,,120000.0,28,4,1,3,3,"['Networking', 'Cybersecurity']"
304,Web Developer,IT,"HTML, CSS, React",Bachelors in Software Engineering,Entry-level,Colombo,110000-140000,High,,,,,,110000.0,44,4,0,1,2,"['HTML', 'CSS', 'React']"
307,Software Engineer,IT,"Java, Spring Boot",Bachelors in Computer Science,Senior-level,Colombo,200000-250000,High,,,,,,200000.0,40,4,0,4,2,"['Java', 'Spring Boot']"
308,Data Scientist,IT,"Machine Learning, Python",Masters in Data Science,Mid-level,Kandy,180000-220000,High,,,,,,180000.0,9,4,4,3,2,"['Machine Learning', 'Python']"
311,DevOps Engineer,IT,"AWS, Docker",Bachelors in Computer Science,Mid-level,Colombo,160000-200000,High,,,,,,160000.0,11,4,0,3,2,"['AWS', 'Docker']"
312,Mobile App Developer,IT,"Flutter, Android Development",Bachelors in Software Engineering,Entry-level,Kandy,110000-150000,High,,,,,,110000.0,27,4,4,1,2,"['Flutter', 'Android Development']"
315,Business Analyst,IT,"Requirements Analysis, SQL",Bachelors in Business Information Systems,Mid-level,Colombo,130000-160000,High,,,,,,130000.0,3,4,0,3,2,"['Requirements Analysis', 'SQL']"
317,UI/UX Designer,IT,"Figma, User Research",Bachelors in Design,Entry-level,Colombo,100000-140000,High,,,,,,100000.0,43,4,0,1,2,"['Figma', 'User Research']"
319,Project Manager,IT,"Project Management, Agile",Bachelors in IT Management,Senior-level,Colombo,180000-220000,High,,,,,,180000.0,35,4,0,4,2,"['Project Management', 'Agile']"
321,Full Stack Developer,IT,"Python, JavaScript, React",Bachelors in Computer Science,Mid-level,Colombo,150000-190000,High,,,,,,150000.0,16,4,0,3,2,"['Python', 'JavaScript', 'React']"
322,Database Administrator,IT,"SQL, Oracle",Bachelors in IT,Mid-level,Galle,120000-160000,Medium,,,,,,120000.0,10,4,1,3,3,"['SQL', 'Oracle']"
325,Cybersecurity Analyst,IT,"Cybersecurity, Risk Assessment",Bachelors in Cybersecurity,Mid-level,Colombo,140000-180000,High,,,,,,140000.0,6,4,0,3,2,"['Cybersecurity', 'Risk Assessment']"
327,AI Engineer,IT,"Machine Learning, Python",Masters in AI,Mid-level,Colombo,180000-220000,High,,,,,,180000.0,0,4,0,3,2,"['Machine Learning', 'Python']"
330,IT Support Specialist,IT,"Troubleshooting, Customer Service",Diploma in IT,Entry-level,Kandy,80000-110000,Medium,,,,,,80000.0,20,4,4,1,3,"['Troubleshooting', 'Customer Service']"
331,Software Engineer,IT,"Python, SQL, Django",Bachelors in Computer Science,Mid-level,Colombo,150000-200000,High,,,,,,150000.0,40,4,0,3,2,"['Python', 'SQL', 'Django']"
332,Data Engineer,IT,"ETL, Big Data",Bachelors in Data Science,Mid-level,Kandy,140000-180000,High,,,,,,140000.0,8,4,4,3,2,"['ETL', 'Big Data']"
335,Cloud Engineer,IT,"AWS, Azure",Bachelors in IT,Senior-level,Colombo,180000-220000,High,,,,,,180000.0,5,4,0,4,2,"['AWS', 'Azure']"
337,Graphic Designer,IT,"Adobe Photoshop, Creativity",Diploma in Graphic Design,Entry-level,Colombo,90000-120000,Medium,,,,,,90000.0,17,4,0,1,3,"['Adobe Photoshop', 'Creativity']"
339,Scrum Master,IT,"Agile, Leadership",Bachelors in IT Management,Mid-level,Colombo,140000-180000,High,,,,,,140000.0,39,4,0,3,2,"['Agile', 'Leadership']"
341,Backend Developer,IT,"Node.js, MongoDB",Bachelors in Software Engineering,Mid-level,Colombo,130000-170000,High,,,,,,130000.0,2,4,0,3,2,"['Node.js', 'MongoDB']"
343,Data Analyst,IT,"SQL, Python",Bachelors in Data Science,Entry-level,Galle,100000-130000,Medium,,,,,,100000.0,7,4,1,1,3,"['SQL', 'Python']"
346,Network Engineer,IT,"Cisco, Troubleshooting",Bachelors in IT,Mid-level,Kandy,120000-160000,Medium,,,,,,120000.0,29,4,4,3,3,"['Cisco', 'Troubleshooting']"
348,Software Tester,IT,"Manual Testing, Selenium",Bachelors in Software Engineering,Entry-level,Colombo,100000-140000,High,,,,,,100000.0,41,4,0,1,2,"['Manual Testing', 'Selenium']"
350,Business Analyst,IT,"Requirements Analysis, Agile",Bachelors in Business Information Systems,Mid-level,Colombo,130000-160000,High,,,,,,130000.0,3,4,0,3,2,"['Requirements Analysis', 'Agile']"
351,Software Engineer,IT,"Python, Java, SQL",Bachelors in Computer Science,Mid-level,Colombo,150000-200000,High,,,,,,150000.0,40,4,0,3,2,"['Python', 'Java', 'SQL']"
352,Data Analyst,IT,"Python, Excel, Data Visualization",Bachelors in Data Science,Entry-level,Kandy,100000-130000,Medium,,,,,,100000.0,7,4,4,1,3,"['Python', 'Excel', 'Data Visualization']"
353,Network Administrator,IT,"Networking, Cybersecurity",Diploma in IT,Mid-level,Galle,120000-160000,Medium,,,,,,120000.0,28,4,1,3,3,"['Networking', 'Cybersecurity']"
354,Web Developer,IT,"HTML, CSS, React",Bachelors in Software Engineering,Entry-level,Colombo,110000-140000,High,,,,,,110000.0,44,4,0,1,2,"['HTML', 'CSS', 'React']"
357,Software Engineer,IT,"Java, Spring Boot",Bachelors in Computer Science,Senior-level,Colombo,200000-250000,High,,,,,,200000.0,40,4,0,4,2,"['Java', 'Spring Boot']"
358,Data Scientist,IT,"Machine Learning, Python",Masters in Data Science,Mid-level,Kandy,180000-220000,High,,,,,,180000.0,9,4,4,3,2,"['Machine Learning', 'Python']"
361,DevOps Engineer,IT,"AWS, Docker",Bachelors in Computer Science,Mid-level,Colombo,160000-200000,High,,,,,,160000.0,11,4,0,3,2,"['AWS', 'Docker']"
362,Mobile App Developer,IT,"Flutter, Android Development",Bachelors in Software Engineering,Entry-level,Kandy,110000-150000,High,,,,,,110000.0,27,4,4,1,2,"['Flutter', 'Android Development']"
365,Business Analyst,IT,"Requirements Analysis, SQL",Bachelors in Business Information Systems,Mid-level,Colombo,130000-160000,High,,,,,,130000.0,3,4,0,3,2,"['Requirements Analysis', 'SQL']"
367,UI/UX Designer,IT,"Figma, User Research",Bachelors in Design,Entry-level,Colombo,100000-140000,High,,,,,,100000.0,43,4,0,1,2,"['Figma', 'User Research']"
369,Project Manager,IT,"Project Management, Agile",Bachelors in IT Management,Senior-level,Colombo,180000-220000,High,,,,,,180000.0,35,4,0,4,2,"['Project Management', 'Agile']"
371,Full Stack Developer,IT,"Python, JavaScript, React",Bachelors in Computer Science,Mid-level,Colombo,150000-190000,High,,,,,,150000.0,16,4,0,3,2,"['Python', 'JavaScript', 'React']"
372,Database Administrator,IT,"SQL, Oracle",Bachelors in IT,Mid-level,Galle,120000-160000,Medium,,,,,,120000.0,10,4,1,3,3,"['SQL', 'Oracle']"
375,Cybersecurity Analyst,IT,"Cybersecurity, Risk Assessment",Bachelors in Cybersecurity,Mid-level,Colombo,140000-180000,High,,,,,,140000.0,6,4,0,3,2,"['Cybersecurity', 'Risk Assessment']"
377,AI Engineer,IT,"Machine Learning, Python",Masters in AI,Mid-level,Colombo,180000-220000,High,,,,,,180000.0,0,4,0,3,2,"['Machine Learning', 'Python']"
380,IT Support Specialist,IT,"Troubleshooting, Customer Service",Diploma in IT,Entry-level,Kandy,80000-110000,Medium,,,,,,80000.0,20,4,4,1,3,"['Troubleshooting', 'Customer Service']"
381,Software Engineer,IT,"Python, SQL, Django",Bachelors in Computer Science,Mid-level,Colombo,150000-200000,High,,,,,,150000.0,40,4,0,3,2,"['Python', 'SQL', 'Django']"
382,Data Engineer,IT,"ETL, Big Data",Bachelors in Data Science,Mid-level,Kandy,140000-180000,High,,,,,,140000.0,8,4,4,3,2,"['ETL', 'Big Data']"
385,Cloud Engineer,IT,"AWS, Azure",Bachelors in IT,Senior-level,Colombo,180000-220000,High,,,,,,180000.0,5,4,0,4,2,"['AWS', 'Azure']"
387,Graphic Designer,IT,"Adobe Photoshop, Creativity",Diploma in Graphic Design,Entry-level,Colombo,90000-120000,Medium,,,,,,90000.0,17,4,0,1,3,"['Adobe Photoshop', 'Creativity']"
389,Scrum Master,IT,"Agile, Leadership",Bachelors in IT Management,Mid-level,Colombo,140000-180000,High,,,,,,140000.0,39,4,0,3,2,"['Agile', 'Leadership']"
391,Backend Developer,IT,"Node.js, MongoDB",Bachelors in Software Engineering,Mid-level,Colombo,130000-170000,High,,,,,,130000.0,2,4,0,3,2,"['Node.js', 'MongoDB']"
393,Data Analyst,IT,"SQL, Python",Bachelors in Data Science,Entry-level,Galle,100000-130000,Medium,,,,,,100000.0,7,4,1,1,3,"['SQL', 'Python']"
396,Network Engineer,IT,"Cisco, Troubleshooting",Bachelors in IT,Mid-level,Kandy,120000-160000,Medium,,,,,,120000.0,29,4,4,3,3,"['Cisco', 'Troubleshooting']"
398,Software Tester,IT,"Manual Testing, Selenium",Bachelors in Software Engineering,Entry-level,Colombo,100000-140000,High,,,,,,100000.0,41,4,0,1,2,"['Manual Testing', 'Selenium']"
400,Business Analyst,IT,"Requirements Analysis, Agile",Bachelors in Business Information Systems,Mid-level,Colombo,130000-160000,High,,,,,,130000.0,3,4,0,3,2,"['Requirements Analysis', 'Agile']"
401,Software Engineer,IT,"Python, Java, SQL",Bachelors in Computer Science,Mid-level,Colombo,150000-200000,High,,,,,,150000.0,40,4,0,3,2,"['Python', 'Java', 'SQL']"
402,Data Analyst,IT,"Python, Excel, Data Visualization",Bachelors in Data Science,Entry-level,Kandy,100000-130000,Medium,,,,,,100000.0,7,4,4,1,3,"['Python', 'Excel', 'Data Visualization']"
403,Network Administrator,IT,"Networking, Cybersecurity",Diploma in IT,Mid-level,Galle,120000-160000,Medium,,,,,,120000.0,28,4,1,3,3,"['Networking', 'Cybersecurity']"
404,Web Developer,IT,"HTML, CSS, React",Bachelors in Software Engineering,Entry-level,Colombo,110000-140000,High,,,,,,110000.0,44,4,0,1,2,"['HTML', 'CSS', 'React']"
407,Software Engineer,IT,"Java, Spring Boot",Bachelors in Computer Science,Senior-level,Colombo,200000-250000,High,,,,,,200000.0,40,4,0,4,2,"['Java', 'Spring Boot']"
408,Data Scientist,IT,"Machine Learning, Python",Masters in Data Science,Mid-level,Kandy,180000-220000,High,,,,,,180000.0,9,4,4,3,2,"['Machine Learning', 'Python']"
411,DevOps Engineer,IT,"AWS, Docker",Bachelors in Computer Science,Mid-level,Colombo,160000-200000,High,,,,,,160000.0,11,4,0,3,2,"['AWS', 'Docker']"
412,Mobile App Developer,IT,"Flutter, Android Development",Bachelors in Software Engineering,Entry-level,Kandy,110000-150000,High,,,,,,110000.0,27,4,4,1,2,"['Flutter', 'Android Development']"
415,Business Analyst,IT,"Requirements Analysis, SQL",Bachelors in Business Information Systems,Mid-level,Colombo,130000-160000,High,,,,,,130000.0,3,4,0,3,2,"['Requirements Analysis', 'SQL']"
417,UI/UX Designer,IT,"Figma, User Research",Bachelors in Design,Entry-level,Colombo,100000-140000,High,,,,,,100000.0,43,4,0,1,2,"['Figma', 'User Research']"
419,Project Manager,IT,"Project Management, Agile",Bachelors in IT Management,Senior-level,Colombo,180000-220000,High,,,,,,180000.0,35,4,0,4,2,"['Project Management', 'Agile']"
421,Full Stack Developer,IT,"Python, JavaScript, React",Bachelors in Computer Science,Mid-level,Colombo,150000-190000,High,,,,,,150000.0,16,4,0,3,2,"['Python', 'JavaScript', 'React']"
422,Database Administrator,IT,"SQL, Oracle",Bachelors in IT,Mid-level,Galle,120000-160000,Medium,,,,,,120000.0,10,4,1,3,3,"['SQL', 'Oracle']"
425,Cybersecurity Analyst,IT,"Cybersecurity, Risk Assessment",Bachelors in Cybersecurity,Mid-level,Colombo,140000-180000,High,,,,,,140000.0,6,4,0,3,2,"['Cybersecurity', 'Risk Assessment']"
427,AI Engineer,IT,"Machine Learning, Python",Masters in AI,Mid-level,Colombo,180000-220000,High,,,,,,180000.0,0,4,0,3,2,"['Machine Learning', 'Python']"
430,IT Support Specialist,IT,"Troubleshooting, Customer Service",Diploma in IT,Entry-level,Kandy,80000-110000,Medium,,,,,,80000.0,20,4,4,1,3,"['Troubleshooting', 'Customer Service']"
431,Software Engineer,IT,"Python, SQL, Django",Bachelors in Computer Science,Mid-level,Colombo,150000-200000,High,,,,,,150000.0,40,4,0,3,2,"['Python', 'SQL', 'Django']"
432,Data Engineer,IT,"ETL, Big Data",Bachelors in Data Science,Mid-level,Kandy,140000-180000,High,,,,,,140000.0,8,4,4,3,2,"['ETL', 'Big Data']"
435,Cloud Engineer,IT,"AWS, Azure",Bachelors in IT,Senior-level,Colombo,180000-220000,High,,,,,,180000.0,5,4,0,4,2,"['AWS', 'Azure']"
437,Graphic Designer,IT,"Adobe Photoshop, Creativity",Diploma in Graphic Design,Entry-level,Colombo,90000-120000,Medium,,,,,,90000.0,17,4,0,1,3,"['Adobe Photoshop', 'Creativity']"
439,Scrum Master,IT,"Agile, Leadership",Bachelors in IT Management,Mid-level,Colombo,140000-180000,High,,,,,,140000.0,39,4,0,3,2,"['Agile', 'Leadership']"
441,Backend Developer,IT,"Node.js, MongoDB",Bachelors in Software Engineering,Mid-level,Colombo,130000-170000,High,,,,,,130000.0,2,4,0,3,2,"['Node.js', 'MongoDB']"
443,Data Analyst,IT,"SQL, Python",Bachelors in Data Science,Entry-level,Galle,100000-130000,Medium,,,,,,100000.0,7,4,1,1,3,"['SQL', 'Python']"
446,Network Engineer,IT,"Cisco, Troubleshooting",Bachelors in IT,Mid-level,Kandy,120000-160000,Medium,,,,,,120000.0,29,4,4,3,3,"['Cisco', 'Troubleshooting']"
448,Software Tester,IT,"Manual Testing, Selenium",Bachelors in Software Engineering,Entry-level,Colombo,100000-140000,High,,,,,,100000.0,41,4,0,1,2,"['Manual Testing', 'Selenium']"
450,Business Analyst,IT,"Requirements Analysis, Agile",Bachelors in Business Information Systems,Mid-level,Colombo,130000-160000,High,,,,,,130000.0,3,4,0,3,2,"['Requirements Analysis', 'Agile']"
451,Software Engineer,IT,"Python, Java, SQL",Bachelors in Computer Science,Mid-level,Colombo,150000-200000,High,,,,,,150000.0,40,4,0,3,2,"['Python', 'Java', 'SQL']"
452,Data Analyst,IT,"Python, Excel, Data Visualization",Bachelors in Data Science,Entry-level,Kandy,100000-130000,Medium,,,,,,100000.0,7,4,4,1,3,"['Python', 'Excel', 'Data Visualization']"
453,Network Administrator,IT,"Networking, Cybersecurity",Diploma in IT,Mid-level,Galle,120000-160000,Medium,,,,,,120000.0,28,4,1,3,3,"['Networking', 'Cybersecurity']"
454,Web Developer,IT,"HTML, CSS, React",Bachelors in Software Engineering,Entry-level,Colombo,110000-140000,High,,,,,,110000.0,44,4,0,1,2,"['HTML', 'CSS', 'React']"
457,Software Engineer,IT,"Java, Spring Boot",Bachelors in Computer Science,Senior-level,Colombo,200000-250000,High,,,,,,200000.0,40,4,0,4,2,"['Java', 'Spring Boot']"
458,Data Scientist,IT,"Machine Learning, Python",Masters in Data Science,Mid-level,Kandy,180000-220000,High,,,,,,180000.0,9,4,4,3,2,"['Machine Learning', 'Python']"
461,DevOps Engineer,IT,"AWS, Docker",Bachelors in Computer Science,Mid-level,Colombo,160000-200000,High,,,,,,160000.0,11,4,0,3,2,"['AWS', 'Docker']"
462,Mobile App Developer,IT,"Flutter, Android Development",Bachelors in Software Engineering,Entry-level,Kandy,110000-150000,High,,,,,,110000.0,27,4,4,1,2,"['Flutter', 'Android Development']"
465,Business Analyst,IT,"Requirements Analysis, SQL",Bachelors in Business Information Systems,Mid-level,Colombo,130000-160000,High,,,,,,130000.0,3,4,0,3,2,"['Requirements Analysis', 'SQL']"
467,UI/UX Designer,IT,"Figma, User Research",Bachelors in Design,Entry-level,Colombo,100000-140000,High,,,,,,100000.0,43,4,0,1,2,"['Figma', 'User Research']"
469,Project Manager,IT,"Project Management, Agile",Bachelors in IT Management,Senior-level,Colombo,180000-220000,High,,,,,,180000.0,35,4,0,4,2,"['Project Management', 'Agile']"
471,Full Stack Developer,IT,"Python, JavaScript, React",Bachelors in Computer Science,Mid-level,Colombo,150000-190000,High,,,,,,150000.0,16,4,0,3,2,"['Python', 'JavaScript', 'React']"
472,Database Administrator,IT,"SQL, Oracle",Bachelors in IT,Mid-level,Galle,120000-160000,Medium,,,,,,120000.0,10,4,1,3,3,"['SQL', 'Oracle']"
475,Cybersecurity Analyst,IT,"Cybersecurity, Risk Assessment",Bachelors in Cybersecurity,Mid-level,Colombo,140000-180000,High,,,,,,140000.0,6,4,0,3,2,"['Cybersecurity', 'Risk Assessment']"
477,AI Engineer,IT,"Machine Learning, Python",Masters in AI,Mid-level,Colombo,180000-220000,High,,,,,,180000.0,0,4,0,3,2,"['Machine Learning', 'Python']"
480,IT Support Specialist,IT,"Troubleshooting, Customer Service",Diploma in IT,Entry-level,Kandy,80000-110000,Medium,,,,,,80000.0,20,4,4,1,3,"['Troubleshooting', 'Customer Service']"
481,Software Engineer,IT,"Python, SQL, Django",Bachelors in Computer Science,Mid-level,Colombo,150000-200000,High,,,,,,150000.0,40,4,0,3,2,"['Python', 'SQL', 'Django']"
482,Data Engineer,IT,"ETL, Big Data",Bachelors in Data Science,Mid-level,Kandy,140000-180000,High,,,,,,140000.0,8,4,4,3,2,"['ETL', 'Big Data']"
485,Cloud Engineer,IT,"AWS, Azure",Bachelors in IT,Senior-level,Colombo,180000-220000,High,,,,,,180000.0,5,4,0,4,2,"['AWS', 'Azure']"
487,Graphic Designer,IT,"Adobe Photoshop, Creativity",Diploma in Graphic Design,Entry-level,Colombo,90000-120000,Medium,,,,,,90000.0,17,4,0,1,3,"['Adobe Photoshop', 'Creativity']"
489,Scrum Master,IT,"Agile, Leadership",Bachelors in IT Management,Mid-level,Colombo,140000-180000,High,,,,,,140000.0,39,4,0,3,2,"['Agile', 'Leadership']"
491,Backend Developer,IT,"Node.js, MongoDB",Bachelors in Software Engineering,Mid-level,Colombo,130000-170000,High,,,,,,130000.0,2,4,0,3,2,"['Node.js', 'MongoDB']"
493,Data Analyst,IT,"SQL, Python",Bachelors in Data Science,Entry-level,Galle,100000-130000,Medium,,,,,,100000.0,7,4,1,1,3,"['SQL', 'Python']"
496,Network Engineer,IT,"Cisco, Troubleshooting",Bachelors in IT,Mid-level,Kandy,120000-160000,Medium,,,,,,120000.0,29,4,4,3,3,"['Cisco', 'Troubleshooting']"
498,Software Tester,IT,"Manual Testing, Selenium",Bachelors in Software Engineering,Entry-level,Colombo,100000-140000,High,,,,,,100000.0,41,4,0,1,2,"['Manual Testing', 'Selenium']"
500,Business Analyst,IT,"Requirements Analysis, Agile",Bachelors in Business Information Systems,Mid-level,Colombo,130000-160000,High,,,,,,130000.0,3,4,0,3,2,"['Requirements Analysis', 'Agile']"
501,Software Engineer,IT,"Python, Java, SQL",Bachelors in Computer Science,Mid-level,Colombo,150000-200000,High,,,,,,150000.0,40,4,0,3,2,"['Python', 'Java', 'SQL']"
502,Data Analyst,IT,"Python, Excel, Data Visualization",Bachelors in Data Science,Entry-level,Kandy,100000-130000,Medium,,,,,,100000.0,7,4,4,1,3,"['Python', 'Excel', 'Data Visualization']"
503,Network Administrator,IT,"Networking, Cybersecurity",Diploma in IT,Mid-level,Galle,120000-160000,Medium,,,,,,120000.0,28,4,1,3,3,"['Networking', 'Cybersecurity']"
504,Web Developer,IT,"HTML, CSS, React",Bachelors in Software Engineering,Entry-level,Colombo,110000-140000,High,,,,,,110000.0,44,4,0,1,2,"['HTML', 'CSS', 'React']"
507,Software Engineer,IT,"Java, Spring Boot",Bachelors in Computer Science,Senior-level,Colombo,200000-250000,High,,,,,,200000.0,40,4,0,4,2,"['Java', 'Spring Boot']"
508,Data Scientist,IT,"Machine Learning, Python",Masters in Data Science,Mid-level,Kandy,180000-220000,High,,,,,,180000.0,9,4,4,3,2,"['Machine Learning', 'Python']"
511,DevOps Engineer,IT,"AWS, Docker",Bachelors in Computer Science,Mid-level,Colombo,160000-200000,High,,,,,,160000.0,11,4,0,3,2,"['AWS', 'Docker']"
512,Mobile App Developer,IT,"Flutter, Android Development",Bachelors in Software Engineering,Entry-level,Kandy,110000-150000,High,,,,,,110000.0,27,4,4,1,2,"['Flutter', 'Android Development']"
515,Business Analyst,IT,"Requirements Analysis, SQL",Bachelors in Business Information Systems,Mid-level,Colombo,130000-160000,High,,,,,,130000.0,3,4,0,3,2,"['Requirements Analysis', 'SQL']"
517,UI/UX Designer,IT,"Figma, User Research",Bachelors in Design,Entry-level,Colombo,100000-140000,High,,,,,,100000.0,43,4,0,1,2,"['Figma', 'User Research']"
519,Project Manager,IT,"Project Management, Agile",Bachelors in IT Management,Senior-level,Colombo,180000-220000,High,,,,,,180000.0,35,4,0,4,2,"['Project Management', 'Agile']"
521,Full Stack Developer,IT,"Python, JavaScript, React",Bachelors in Computer Science,Mid-level,Colombo,150000-190000,High,,,,,,150000.0,16,4,0,3,2,"['Python', 'JavaScript', 'React']"
522,Database Administrator,IT,"SQL, Oracle",Bachelors in IT,Mid-level,Galle,120000-160000,Medium,,,,,,120000.0,10,4,1,3,3,"['SQL', 'Oracle']"
525,Cybersecurity Analyst,IT,"Cybersecurity, Risk Assessment",Bachelors in Cybersecurity,Mid-level,Colombo,140000-180000,High,,,,,,140000.0,6,4,0,3,2,"['Cybersecurity', 'Risk Assessment']"
527,AI Engineer,IT,"Machine Learning, Python",Masters in AI,Mid-level,Colombo,180000-220000,High,,,,,,180000.0,0,4,0,3,2,"['Machine Learning', 'Python']"
530,IT Support Specialist,IT,"Troubleshooting, Customer Service",Diploma in IT,Entry-level,Kandy,80000-110000,Medium,,,,,,80000.0,20,4,4,1,3,"['Troubleshooting', 'Customer Service']"
531,Software Engineer,IT,"Python, SQL, Django",Bachelors in Computer Science,Mid-level,Colombo,150000-200000,High,,,,,,150000.0,40,4,0,3,2,"['Python', 'SQL', 'Django']"
532,Data Engineer,IT,"ETL, Big Data",Bachelors in Data Science,Mid-level,Kandy,140000-180000,High,,,,,,140000.0,8,4,4,3,2,"['ETL', 'Big Data']"
535,Cloud Engineer,IT,"AWS, Azure",Bachelors in IT,Senior-level,Colombo,180000-220000,High,,,,,,180000.0,5,4,0,4,2,"['AWS', 'Azure']"
537,Graphic Designer,IT,"Adobe Photoshop, Creativity",Diploma in Graphic Design,Entry-level,Colombo,90000-120000,Medium,,,,,,90000.0,17,4,0,1,3,"['Adobe Photoshop', 'Creativity']"
539,Scrum Master,IT,"Agile, Leadership",Bachelors in IT Management,Mid-level,Colombo,140000-180000,High,,,,,,140000.0,39,4,0,3,2,"['Agile', 'Leadership']"
541,Backend Developer,IT,"Node.js, MongoDB",Bachelors in Software Engineering,Mid-level,Colombo,130000-170000,High,,,,,,130000.0,2,4,0,3,2,"['Node.js', 'MongoDB']"
543,Data Analyst,IT,"SQL, Python",Bachelors in Data Science,Entry-level,Galle,100000-130000,Medium,,,,,,100000.0,7,4,1,1,3,"['SQL', 'Python']"
546,Network Engineer,IT,"Cisco, Troubleshooting",Bachelors in IT,Mid-level,Kandy,120000-160000,Medium,,,,,,120000.0,29,4,4,3,3,"['Cisco', 'Troubleshooting']"
548,Software Tester,IT,"Manual Testing, Selenium",Bachelors in Software Engineering,Entry-level,Colombo,100000-140000,High,,,,,,100000.0,41,4,0,1,2,"['Manual Testing', 'Selenium']"
550,Business Analyst,IT,"Requirements Analysis, Agile",Bachelors in Business Information Systems,Mid-level,Colombo,130000-160000,High,,,,,,130000.0,3,4,0,3,2,"['Requirements Analysis', 'Agile']"
551,Software Engineer,IT,"Python, Java, SQL",Bachelors in Computer Science,Mid-level,Colombo,150000-200000,High,,,,,,150000.0,40,4,0,3,2,"['Python', 'Java', 'SQL']"
552,Data Analyst,IT,"Python, Excel, Data Visualization",Bachelors in Data Science,Entry-level,Kandy,100000-130000,Medium,,,,,,100000.0,7,4,4,1,3,"['Python', 'Excel', 'Data Visualization']"
553,Network Administrator,IT,"Networking, Cybersecurity",Diploma in IT,Mid-level,Galle,120000-160000,Medium,,,,,,120000.0,28,4,1,3,3,"['Networking', 'Cybersecurity']"
554,Web Developer,IT,"HTML, CSS, React",Bachelors in Software Engineering,Entry-level,Colombo,110000-140000,High,,,,,,110000.0,44,4,0,1,2,"['HTML', 'CSS', 'React']"
557,Software Engineer,IT,"Java, Spring Boot",Bachelors in Computer Science,Senior-level,Colombo,200000-250000,High,,,,,,200000.0,40,4,0,4,2,"['Java', 'Spring Boot']"
558,Data Scientist,IT,"Machine Learning, Python",Masters in Data Science,Mid-level,Kandy,180000-220000,High,,,,,,180000.0,9,4,4,3,2,"['Machine Learning', 'Python']"
561,DevOps Engineer,IT,"AWS, Docker",Bachelors in Computer Science,Mid-level,Colombo,160000-200000,High,,,,,,160000.0,11,4,0,3,2,"['AWS', 'Docker']"
562,Mobile App Developer,IT,"Flutter, Android Development",Bachelors in Software Engineering,Entry-level,Kandy,110000-150000,High,,,,,,110000.0,27,4,4,1,2,"['Flutter', 'Android Development']"
565,Business Analyst,IT,"Requirements Analysis, SQL",Bachelors in Business Information Systems,Mid-level,Colombo,130000-160000,High,,,,,,130000.0,3,4,0,3,2,"['Requirements Analysis', 'SQL']"
567,UI/UX Designer,IT,"Figma, User Research",Bachelors in Design,Entry-level,Colombo,100000-140000,High,,,,,,100000.0,43,4,0,1,2,"['Figma', 'User Research']"
569,Project Manager,IT,"Project Management, Agile",Bachelors in IT Management,Senior-level,Colombo,180000-220000,High,,,,,,180000.0,35,4,0,4,2,"['Project Management', 'Agile']"
571,Full Stack Developer,IT,"Python, JavaScript, React",Bachelors in Computer Science,Mid-level,Colombo,150000-190000,High,,,,,,150000.0,16,4,0,3,2,"['Python', 'JavaScript', 'React']"
572,Database Administrator,IT,"SQL, Oracle",Bachelors in IT,Mid-level,Galle,120000-160000,Medium,,,,,,120000.0,10,4,1,3,3,"['SQL', 'Oracle']"
575,Cybersecurity Analyst,IT,"Cybersecurity, Risk Assessment",Bachelors in Cybersecurity,Mid-level,Colombo,140000-180000,High,,,,,,140000.0,6,4,0,3,2,"['Cybersecurity', 'Risk Assessment']"
577,AI Engineer,IT,"Machine Learning, Python",Masters in AI,Mid-level,Colombo,180000-220000,High,,,,,,180000.0,0,4,0,3,2,"['Machine Learning', 'Python']"
580,IT Support Specialist,IT,"Troubleshooting, Customer Service",Diploma in IT,Entry-level,Kandy,80000-110000,Medium,,,,,,80000.0,20,4,4,1,3,"['Troubleshooting', 'Customer Service']"
581,Software Engineer,IT,"Python, SQL, Django",Bachelors in Computer Science,Mid-level,Colombo,150000-200000,High,,,,,,150000.0,40,4,0,3,2,"['Python', 'SQL', 'Django']"
582,Data Engineer,IT,"ETL, Big Data",Bachelors in Data Science,Mid-level,Kandy,140000-180000,High,,,,,,140000.0,8,4,4,3,2,"['ETL', 'Big Data']"
585,Cloud Engineer,IT,"AWS, Azure",Bachelors in IT,Senior-level,Colombo,180000-220000,High,,,,,,180000.0,5,4,0,4,2,"['AWS', 'Azure']"
587,Graphic Designer,IT,"Adobe Photoshop, Creativity",Diploma in Graphic Design,Entry-level,Colombo,90000-120000,Medium,,,,,,90000.0,17,4,0,1,3,"['Adobe Photoshop', 'Creativity']"
589,Scrum Master,IT,"Agile, Leadership",Bachelors in IT Management,Mid-level,Colombo,140000-180000,High,,,,,,140000.0,39,4,0,3,2,"['Agile', 'Leadership']"
591,Backend Developer,IT,"Node.js, MongoDB",Bachelors in Software Engineering,Mid-level,Colombo,130000-170000,High,,,,,,130000.0,2,4,0,3,2,"['Node.js', 'MongoDB']"
593,Data Analyst,IT,"SQL, Python",Bachelors in Data Science,Entry-level,Galle,100000-130000,Medium,,,,,,100000.0,7,4,1,1,3,"['SQL', 'Python']"
596,Network Engineer,IT,"Cisco, Troubleshooting",Bachelors in IT,Mid-level,Kandy,120000-160000,Medium,,,,,,120000.0,29,4,4,3,3,"['Cisco', 'Troubleshooting']"
598,Software Tester,IT,"Manual Testing, Selenium",Bachelors in Software Engineering,Entry-level,Colombo,100000-140000,High,,,,,,100000.0,41,4,0,1,2,"['Manual Testing', 'Selenium']"
600,Business Analyst,IT,"Requirements Analysis, Agile",Bachelors in Business Information Systems,Mid-level,Colombo,130000-160000,High,,,,,,130000.0,3,4,0,3,2,"['Requirements Analysis', 'Agile']"
601,Software Engineer,IT,"Python, Java, SQL",Bachelors in Computer Science,Mid-level,Colombo,150000-200000,High,,,,,,150000.0,40,4,0,3,2,"['Python', 'Java', 'SQL']"
602,Data Analyst,IT,"Python, Excel, Data Visualization",Bachelors in Data Science,Entry-level,Kandy,100000-130000,Medium,,,,,,100000.0,7,4,4,1,3,"['Python', 'Excel', 'Data Visualization']"
603,Network Administrator,IT,"Networking, Cybersecurity",Diploma in IT,Mid-level,Galle,120000-160000,Medium,,,,,,120000.0,28,4,1,3,3,"['Networking', 'Cybersecurity']"
604,Web Developer,IT,"HTML, CSS, React",Bachelors in Software Engineering,Entry-level,Colombo,110000-140000,High,,,,,,110000.0,44,4,0,1,2,"['HTML', 'CSS', 'React']"
607,Software Engineer,IT,"Java, Spring Boot",Bachelors in Computer Science,Senior-level,Colombo,200000-250000,High,,,,,,200000.0,40,4,0,4,2,"['Java', 'Spring Boot']"
608,Data Scientist,IT,"Machine Learning, Python",Masters in Data Science,Mid-level,Kandy,180000-220000,High,,,,,,180000.0,9,4,4,3,2,"['Machine Learning', 'Python']"
611,DevOps Engineer,IT,"AWS, Docker",Bachelors in Computer Science,Mid-level,Colombo,160000-200000,High,,,,,,160000.0,11,4,0,3,2,"['AWS', 'Docker']"
612,Mobile App Developer,IT,"Flutter, Android Development",Bachelors in Software Engineering,Entry-level,Kandy,110000-150000,High,,,,,,110000.0,27,4,4,1,2,"['Flutter', 'Android Development']"
615,Business Analyst,IT,"Requirements Analysis, SQL",Bachelors in Business Information Systems,Mid-level,Colombo,130000-160000,High,,,,,,130000.0,3,4,0,3,2,"['Requirements Analysis', 'SQL']"
617,UI/UX Designer,IT,"Figma, User Research",Bachelors in Design,Entry-level,Colombo,100000-140000,High,,,,,,100000.0,43,4,0,1,2,"['Figma', 'User Research']"
619,Project Manager,IT,"Project Management, Agile",Bachelors in IT Management,Senior-level,Colombo,180000-220000,High,,,,,,180000.0,35,4,0,4,2,"['Project Management', 'Agile']"
621,Full Stack Developer,IT,"Python, JavaScript, React",Bachelors in Computer Science,Mid-level,Colombo,150000-190000,High,,,,,,150000.0,16,4,0,3,2,"['Python', 'JavaScript', 'React']"
622,Database Administrator,IT,"SQL, Oracle",Bachelors in IT,Mid-level,Galle,120000-160000,Medium,,,,,,120000.0,10,4,1,3,3,"['SQL', 'Oracle']"
625,Cybersecurity Analyst,IT,"Cybersecurity, Risk Assessment",Bachelors in Cybersecurity,Mid-level,Colombo,140000-180000,High,,,,,,140000.0,6,4,0,3,2,"['Cybersecurity', 'Risk Assessment']"
627,AI Engineer,IT,"Machine Learning, Python",Masters in AI,Mid-level,Colombo,180000-220000,High,,,,,,180000.0,0,4,0,3,2,"['Machine Learning', 'Python']"
630,IT Support Specialist,IT,"Troubleshooting, Customer Service",Diploma in IT,Entry-level,Kandy,80000-110000,Medium,,,,,,80000.0,20,4,4,1,3,"['Troubleshooting', 'Customer Service']"
631,Software Engineer,IT,"Python, SQL, Django",Bachelors in Computer Science,Mid-level,Colombo,150000-200000,High,,,,,,150000.0,40,4,0,3,2,"['Python', 'SQL', 'Django']"
632,Data Engineer,IT,"ETL, Big Data",Bachelors in Data Science,Mid-level,Kandy,140000-180000,High,,,,,,140000.0,8,4,4,3,2,"['ETL', 'Big Data']"
635,Cloud Engineer,IT,"AWS, Azure",Bachelors in IT,Senior-level,Colombo,180000-220000,High,,,,,,180000.0,5,4,0,4,2,"['AWS', 'Azure']"
637,Graphic Designer,IT,"Adobe Photoshop, Creativity",Diploma in Graphic Design,Entry-level,Colombo,90000-120000,Medium,,,,,,90000.0,17,4,0,1,3,"['Adobe Photoshop', 'Creativity']"
639,Scrum Master,IT,"Agile, Leadership",Bachelors in IT Management,Mid-level,Colombo,140000-180000,High,,,,,,140000.0,39,4,0,3,2,"['Agile', 'Leadership']"
641,Backend Developer,IT,"Node.js, MongoDB",Bachelors in Software Engineering,Mid-level,Colombo,130000-170000,High,,,,,,130000.0,2,4,0,3,2,"['Node.js', 'MongoDB']"
643,Data Analyst,IT,"SQL, Python",Bachelors in Data Science,Entry-level,Galle,100000-130000,Medium,,,,,,100000.0,7,4,1,1,3,"['SQL', 'Python']"
646,Network Engineer,IT,"Cisco, Troubleshooting",Bachelors in IT,Mid-level,Kandy,120000-160000,Medium,,,,,,120000.0,29,4,4,3,3,"['Cisco', 'Troubleshooting']"
648,Software Tester,IT,"Manual Testing, Selenium",Bachelors in Software Engineering,Entry-level,Colombo,100000-140000,High,,,,,,100000.0,41,4,0,1,2,"['Manual Testing', 'Selenium']"
650,Business Analyst,IT,"Requirements Analysis, Agile",Bachelors in Business Information Systems,Mid-level,Colombo,130000-160000,High,,,,,,130000.0,3,4,0,3,2,"['Requirements Analysis', 'Agile']"
651,Software Engineer,IT,"Python, Java, SQL",Bachelors in Computer Science,Mid-level,Colombo,150000-200000,High,,,,,,150000.0,40,4,0,3,2,"['Python', 'Java', 'SQL']"
652,Data Analyst,IT,"Python, Excel, Data Visualization",Bachelors in Data Science,Entry-level,Kandy,100000-130000,Medium,,,,,,100000.0,7,4,4,1,3,"['Python', 'Excel', 'Data Visualization']"
653,Network Administrator,IT,"Networking, Cybersecurity",Diploma in IT,Mid-level,Galle,120000-160000,Medium,,,,,,120000.0,28,4,1,3,3,"['Networking', 'Cybersecurity']"
654,Web Developer,IT,"HTML, CSS, React",Bachelors in Software Engineering,Entry-level,Colombo,110000-140000,High,,,,,,110000.0,44,4,0,1,2,"['HTML', 'CSS', 'React']"
657,Software Engineer,IT,"Java, Spring Boot",Bachelors in Computer Science,Senior-level,Colombo,200000-250000,High,,,,,,200000.0,40,4,0,4,2,"['Java', 'Spring Boot']"
658,Data Scientist,IT,"Machine Learning, Python",Masters in Data Science,Mid-level,Kandy,180000-220000,High,,,,,,180000.0,9,4,4,3,2,"['Machine Learning', 'Python']"
661,DevOps Engineer,IT,"AWS, Docker",Bachelors in Computer Science,Mid-level,Colombo,160000-200000,High,,,,,,160000.0,11,4,0,3,2,"['AWS', 'Docker']"
662,Mobile App Developer,IT,"Flutter, Android Development",Bachelors in Software Engineering,Entry-level,Kandy,110000-150000,High,,,,,,110000.0,27,4,4,1,2,"['Flutter', 'Android Development']"
665,Business Analyst,IT,"Requirements Analysis, SQL",Bachelors in Business Information Systems,Mid-level,Colombo,130000-160000,High,,,,,,130000.0,3,4,0,3,2,"['Requirements Analysis', 'SQL']"
667,UI/UX Designer,IT,"Figma, User Research",Bachelors in Design,Entry-level,Colombo,100000-140000,High,,,,,,100000.0,43,4,0,1,2,"['Figma', 'User Research']"
669,Project Manager,IT,"Project Management, Agile",Bachelors in IT Management,Senior-level,Colombo,180000-220000,High,,,,,,180000.0,35,4,0,4,2,"['Project Management', 'Agile']"
671,Full Stack Developer,IT,"Python, JavaScript, React",Bachelors in Computer Science,Mid-level,Colombo,150000-190000,High,,,,,,150000.0,16,4,0,3,2,"['Python', 'JavaScript', 'React']"
672,Database Administrator,IT,"SQL, Oracle",Bachelors in IT,Mid-level,Galle,120000-160000,Medium,,,,,,120000.0,10,4,1,3,3,"['SQL', 'Oracle']"
675,Cybersecurity Analyst,IT,"Cybersecurity, Risk Assessment",Bachelors in Cybersecurity,Mid-level,Colombo,140000-180000,High,,,,,,140000.0,6,4,0,3,2,"['Cybersecurity', 'Risk Assessment']"
677,AI Engineer,IT,"Machine Learning, Python",Masters in AI,Mid-level,Colombo,180000-220000,High,,,,,,180000.0,0,4,0,3,2,"['Machine Learning', 'Python']"
680,IT Support Specialist,IT,"Troubleshooting, Customer Service",Diploma in IT,Entry-level,Kandy,80000-110000,Medium,,,,,,80000.0,20,4,4,1,3,"['Troubleshooting', 'Customer Service']"
681,Software Engineer,IT,"Python, SQL, Django",Bachelors in Computer Science,Mid-level,Colombo,150000-200000,High,,,,,,150000.0,40,4,0,3,2,"['Python', 'SQL', 'Django']"
682,Data Engineer,IT,"ETL, Big Data",Bachelors in Data Science,Mid-level,Kandy,140000-180000,High,,,,,,140000.0,8,4,4,3,2,"['ETL', 'Big Data']"
685,Cloud Engineer,IT,"AWS, Azure",Bachelors in IT,Senior-level,Colombo,180000-220000,High,,,,,,180000.0,5,4,0,4,2,"['AWS', 'Azure']"
687,Graphic Designer,IT,"Adobe Photoshop, Creativity",Diploma in Graphic Design,Entry-level,Colombo,90000-120000,Medium,,,,,,90000.0,17,4,0,1,3,"['Adobe Photoshop', 'Creativity']"
689,Scrum Master,IT,"Agile, Leadership",Bachelors in IT Management,Mid-level,Colombo,140000-180000,High,,,,,,140000.0,39,4,0,3,2,"['Agile', 'Leadership']"
691,Backend Developer,IT,"Node.js, MongoDB",Bachelors in Software Engineering,Mid-level,Colombo,130000-170000,High,,,,,,130000.0,2,4,0,3,2,"['Node.js', 'MongoDB']"
693,Data Analyst,IT,"SQL, Python",Bachelors in Data Science,Entry-level,Galle,100000-130000,Medium,,,,,,100000.0,7,4,1,1,3,"['SQL', 'Python']"
696,Network Engineer,IT,"Cisco, Troubleshooting",Bachelors in IT,Mid-level,Kandy,120000-160000,Medium,,,,,,120000.0,29,4,4,3,3,"['Cisco', 'Troubleshooting']"
698,Software Tester,IT,"Manual Testing, Selenium",Bachelors in Software Engineering,Entry-level,Colombo,100000-140000,High,,,,,,100000.0,41,4,0,1,2,"['Manual Testing', 'Selenium']"
700,Business Analyst,IT,"Requirements Analysis, Agile",Bachelors in Business Information Systems,Mid-level,Colombo,130000-160000,High,,,,,,130000.0,3,4,0,3,2,"['Requirements Analysis', 'Agile']"
701,Software Engineer,IT,"Python, Java, SQL",Bachelors in Computer Science,Mid-level,Colombo,150000-200000,High,,,,,,150000.0,40,4,0,3,2,"['Python', 'Java', 'SQL']"
702,Data Analyst,IT,"Python, Excel, Data Visualization",Bachelors in Data Science,Entry-level,Kandy,100000-130000,Medium,,,,,,100000.0,7,4,4,1,3,"['Python', 'Excel', 'Data Visualization']"
703,Network Administrator,IT,"Networking, Cybersecurity",Diploma in IT,Mid-level,Galle,120000-160000,Medium,,,,,,120000.0,28,4,1,3,3,"['Networking', 'Cybersecurity']"
704,Web Developer,IT,"HTML, CSS, React",Bachelors in Software Engineering,Entry-level,Colombo,110000-140000,High,,,,,,110000.0,44,4,0,1,2,"['HTML', 'CSS', 'React']"
707,Software Engineer,IT,"Java, Spring Boot",Bachelors in Computer Science,Senior-level,Colombo,200000-250000,High,,,,,,200000.0,40,4,0,4,2,"['Java', 'Spring Boot']"
708,Data Scientist,IT,"Machine Learning, Python",Masters in Data Science,Mid-level,Kandy,180000-220000,High,,,,,,180000.0,9,4,4,3,2,"['Machine Learning', 'Python']"
711,DevOps Engineer,IT,"AWS, Docker",Bachelors in Computer Science,Mid-level,Colombo,160000-200000,High,,,,,,160000.0,11,4,0,3,2,"['AWS', 'Docker']"
712,Mobile App Developer,IT,"Flutter, Android Development",Bachelors in Software Engineering,Entry-level,Kandy,110000-150000,High,,,,,,110000.0,27,4,4,1,2,"['Flutter', 'Android Development']"
715,Business Analyst,IT,"Requirements Analysis, SQL",Bachelors in Business Information Systems,Mid-level,Colombo,130000-160000,High,,,,,,130000.0,3,4,0,3,2,"['Requirements Analysis', 'SQL']"
717,UI/UX Designer,IT,"Figma, User Research",Bachelors in Design,Entry-level,Colombo,100000-140000,High,,,,,,100000.0,43,4,0,1,2,"['Figma', 'User Research']"
719,Project Manager,IT,"Project Management, Agile",Bachelors in IT Management,Senior-level,Colombo,180000-220000,High,,,,,,180000.0,35,4,0,4,2,"['Project Management', 'Agile']"
721,Full Stack Developer,IT,"Python, JavaScript, React",Bachelors in Computer Science,Mid-level,Colombo,150000-190000,High,,,,,,150000.0,16,4,0,3,2,"['Python', 'JavaScript', 'React']"
722,Database Administrator,IT,"SQL, Oracle",Bachelors in IT,Mid-level,Galle,120000-160000,Medium,,,,,,120000.0,10,4,1,3,3,"['SQL', 'Oracle']"
725,Cybersecurity Analyst,IT,"Cybersecurity, Risk Assessment",Bachelors in Cybersecurity,Mid-level,Colombo,140000-180000,High,,,,,,140000.0,6,4,0,3,2,"['Cybersecurity', 'Risk Assessment']"
727,AI Engineer,IT,"Machine Learning, Python",Masters in AI,Mid-level,Colombo,180000-220000,High,,,,,,180000.0,0,4,0,3,2,"['Machine Learning', 'Python']"
730,IT Support Specialist,IT,"Troubleshooting, Customer Service",Diploma in IT,Entry-level,Kandy,80000-110000,Medium,,,,,,80000.0,20,4,4,1,3,"['Troubleshooting', 'Customer Service']"
731,Software Engineer,IT,"Python, SQL, Django",Bachelors in Computer Science,Mid-level,Colombo,150000-200000,High,,,,,,150000.0,40,4,0,3,2,"['Python', 'SQL', 'Django']"
732,Data Engineer,IT,"ETL, Big Data",Bachelors in Data Science,Mid-level,Kandy,140000-180000,High,,,,,,140000.0,8,4,4,3,2,"['ETL', 'Big Data']"
735,Cloud Engineer,IT,"AWS, Azure",Bachelors in IT,Senior-level,Colombo,180000-220000,High,,,,,,180000.0,5,4,0,4,2,"['AWS', 'Azure']"
737,Graphic Designer,IT,"Adobe Photoshop, Creativity",Diploma in Graphic Design,Entry-level,Colombo,90000-120000,Medium,,,,,,90000.0,17,4,0,1,3,"['Adobe Photoshop', 'Creativity']"
739,Scrum Master,IT,"Agile, Leadership",Bachelors in IT Management,Mid-level,Colombo,140000-180000,High,,,,,,140000.0,39,4,0,3,2,"['Agile', 'Leadership']"
741,Backend Developer,IT,"Node.js, MongoDB",Bachelors in Software Engineering,Mid-level,Colombo,130000-170000,High,,,,,,130000.0,2,4,0,3,2,"['Node.js', 'MongoDB']"
743,Data Analyst,IT,"SQL, Python",Bachelors in Data Science,Entry-level,Galle,100000-130000,Medium,,,,,,100000.0,7,4,1,1,3,"['SQL', 'Python']"
746,Network Engineer,IT,"Cisco, Troubleshooting",Bachelors in IT,Mid-level,Kandy,120000-160000,Medium,,,,,,120000.0,29,4,4,3,3,"['Cisco', 'Troubleshooting']"
748,Software Tester,IT,"Manual Testing, Selenium",Bachelors in Software Engineering,Entry-level,Colombo,100000-140000,High,,,,,,100000.0,41,4,0,1,2,"['Manual Testing', 'Selenium']"
750,Business Analyst,IT,"Requirements Analysis, Agile",Bachelors in Business Information Systems,Mid-level,Colombo,130000-160000,High,,,,,,130000.0,3,4,0,3,2,"['Requirements Analysis', 'Agile']"
751,Software Engineer,IT,"Python, Java, SQL",Bachelors in Computer Science,Mid-level,Colombo,150000-200000,High,,,,,,150000.0,40,4,0,3,2,"['Python', 'Java', 'SQL']"
752,Data Analyst,IT,"Python, Excel, Data Visualization",Bachelors in Data Science,Entry-level,Kandy,100000-130000,Medium,,,,,,100000.0,7,4,4,1,3,"['Python', 'Excel', 'Data Visualization']"
753,Network Administrator,IT,"Networking, Cybersecurity",Diploma in IT,Mid-level,Galle,120000-160000,Medium,,,,,,120000.0,28,4,1,3,3,"['Networking', 'Cybersecurity']"
754,Web Developer,IT,"HTML, CSS, React",Bachelors in Software Engineering,Entry-level,Colombo,110000-140000,High,,,,,,110000.0,44,4,0,1,2,"['HTML', 'CSS', 'React']"
757,Software Engineer,IT,"Java, Spring Boot",Bachelors in Computer Science,Senior-level,Colombo,200000-250000,High,,,,,,200000.0,40,4,0,4,2,"['Java', 'Spring Boot']"
758,Data Scientist,IT,"Machine Learning, Python",Masters in Data Science,Mid-level,Kandy,180000-220000,High,,,,,,180000.0,9,4,4,3,2,"['Machine Learning', 'Python']"
761,DevOps Engineer,IT,"AWS, Docker",Bachelors in Computer Science,Mid-level,Colombo,160000-200000,High,,,,,,160000.0,11,4,0,3,2,"['AWS', 'Docker']"
762,Mobile App Developer,IT,"Flutter, Android Development",Bachelors in Software Engineering,Entry-level,Kandy,110000-150000,High,,,,,,110000.0,27,4,4,1,2,"['Flutter', 'Android Development']"
765,Business Analyst,IT,"Requirements Analysis, SQL",Bachelors in Business Information Systems,Mid-level,Colombo,130000-160000,High,,,,,,130000.0,3,4,0,3,2,"['Requirements Analysis', 'SQL']"
767,UI/UX Designer,IT,"Figma, User Research",Bachelors in Design,Entry-level,Colombo,100000-140000,High,,,,,,100000.0,43,4,0,1,2,"['Figma', 'User Research']"
769,Project Manager,IT,"Project Management, Agile",Bachelors in IT Management,Senior-level,Colombo,180000-220000,High,,,,,,180000.0,35,4,0,4,2,"['Project Management', 'Agile']"
771,Full Stack Developer,IT,"Python, JavaScript, React",Bachelors in Computer Science,Mid-level,Colombo,150000-190000,High,,,,,,150000.0,16,4,0,3,2,"['Python', 'JavaScript', 'React']"
772,Database Administrator,IT,"SQL, Oracle",Bachelors in IT,Mid-level,Galle,120000-160000,Medium,,,,,,120000.0,10,4,1,3,3,"['SQL', 'Oracle']"
775,Cybersecurity Analyst,IT,"Cybersecurity, Risk Assessment",Bachelors in Cybersecurity,Mid-level,Colombo,140000-180000,High,,,,,,140000.0,6,4,0,3,2,"['Cybersecurity', 'Risk Assessment']"
777,AI Engineer,IT,"Machine Learning, Python",Masters in AI,Mid-level,Colombo,180000-220000,High,,,,,,180000.0,0,4,0,3,2,"['Machine Learning', 'Python']"
780,IT Support Specialist,IT,"Troubleshooting, Customer Service",Diploma in IT,Entry-level,Kandy,80000-110000,Medium,,,,,,80000.0,20,4,4,1,3,"['Troubleshooting', 'Customer Service']"
781,Software Engineer,IT,"Python, SQL, Django",Bachelors in Computer Science,Mid-level,Colombo,150000-200000,High,,,,,,150000.0,40,4,0,3,2,"['Python', 'SQL', 'Django']"
782,Data Engineer,IT,"ETL, Big Data",Bachelors in Data Science,Mid-level,Kandy,140000-180000,High,,,,,,140000.0,8,4,4,3,2,"['ETL', 'Big Data']"
785,Cloud Engineer,IT,"AWS, Azure",Bachelors in IT,Senior-level,Colombo,180000-220000,High,,,,,,180000.0,5,4,0,4,2,"['AWS', 'Azure']"
787,Graphic Designer,IT,"Adobe Photoshop, Creativity",Diploma in Graphic Design,Entry-level,Colombo,90000-120000,Medium,,,,,,90000.0,17,4,0,1,3,"['Adobe Photoshop', 'Creativity']"
789,Scrum Master,IT,"Agile, Leadership",Bachelors in IT Management,Mid-level,Colombo,140000-180000,High,,,,,,140000.0,39,4,0,3,2,"['Agile', 'Leadership']"
791,Backend Developer,IT,"Node.js, MongoDB",Bachelors in Software Engineering,Mid-level,Colombo,130000-170000,High,,,,,,130000.0,2,4,0,3,2,"['Node.js', 'MongoDB']"
793,Data Analyst,IT,"SQL, Python",Bachelors in Data Science,Entry-level,Galle,100000-130000,Medium,,,,,,100000.0,7,4,1,1,3,"['SQL', 'Python']"
796,Network Engineer,IT,"Cisco, Troubleshooting",Bachelors in IT,Mid-level,Kandy,120000-160000,Medium,,,,,,120000.0,29,4,4,3,3,"['Cisco', 'Troubleshooting']"
798,Software Tester,IT,"Manual Testing, Selenium",Bachelors in Software Engineering,Entry-level,Colombo,100000-140000,High,,,,,,100000.0,41,4,0,1,2,"['Manual Testing', 'Selenium']"
800,Business Analyst,IT,"Requirements Analysis, Agile",Bachelors in Business Information Systems,Mid-level,Colombo,130000-160000,High,,,,,,130000.0,3,4,0,3,2,"['Requirements Analysis', 'Agile']"
801,Software Engineer,IT,"Python, Java, SQL",Bachelors in Computer Science,Mid-level,Colombo,150000-200000,High,,,,,,150000.0,40,4,0,3,2,"['Python', 'Java', 'SQL']"
802,Data Analyst,IT,"Python, Excel, Data Visualization",Bachelors in Data Science,Entry-level,Kandy,100000-130000,Medium,,,,,,100000.0,7,4,4,1,3,"['Python', 'Excel', 'Data Visualization']"
803,Network Administrator,IT,"Networking, Cybersecurity",Diploma in IT,Mid-level,Galle,120000-160000,Medium,,,,,,120000.0,28,4,1,3,3,"['Networking', 'Cybersecurity']"
804,Web Developer,IT,"HTML, CSS, React",Bachelors in Software Engineering,Entry-level,Colombo,110000-140000,High,,,,,,110000.0,44,4,0,1,2,"['HTML', 'CSS', 'React']"
807,Software Engineer,IT,"Java, Spring Boot",Bachelors in Computer Science,Senior-level,Colombo,200000-250000,High,,,,,,200000.0,40,4,0,4,2,"['Java', 'Spring Boot']"
808,Data Scientist,IT,"Machine Learning, Python",Masters in Data Science,Mid-level,Kandy,180000-220000,High,,,,,,180000.0,9,4,4,3,2,"['Machine Learning', 'Python']"
811,DevOps Engineer,IT,"AWS, Kubernetes",Bachelors in Computer Science,Mid-level,Colombo,160000-210000,High,,,,,,160000.0,11,4,0,3,2,"['AWS', 'Kubernetes']"
813,Data Analyst,IT,"SQL, Tableau",Bachelors in Data Science,Entry-level,Kandy,100000-130000,Medium,,,,,,100000.0,7,4,4,1,3,"['SQL', 'Tableau']"
815,Network Engineer,IT,"Cisco, Firewall Management",Bachelors in IT,Mid-level,Galle,120000-160000,Medium,,,,,,120000.0,29,4,1,3,3,"['Cisco', 'Firewall Management']"
816,Software Engineer,IT,"Python, Django, REST API",Bachelors in Computer Science,Mid-level,Colombo,150000-200000,High,,,,,,150000.0,40,4,0,3,2,"['Python', 'Django', 'REST API']"
818,Business Analyst,IT,"Requirements Gathering, UML",Bachelors in Business Information Systems,Mid-level,Colombo,130000-160000,High,,,,,,130000.0,3,4,0,3,2,"['Requirements Gathering', 'UML']"
820,Full Stack Developer,IT,"React, Node.js, MongoDB",Bachelors in Software Engineering,Mid-level,Colombo,150000-190000,High,,,,,,150000.0,16,4,0,3,2,"['React', 'Node.js', 'MongoDB']"
824,Data Scientist,IT,"Python, TensorFlow, Data Modeling",Masters in Data Science,Mid-level,Kandy,180000-220000,High,,,,,,180000.0,9,4,4,3,2,"['Python', 'TensorFlow', 'Data Modeling']"
826,Web Developer,IT,"HTML, CSS, Vue.js",Bachelors in Software Engineering,Entry-level,Colombo,110000-140000,High,,,,,,110000.0,44,4,0,1,2,"['HTML', 'CSS', 'Vue.js']"
828,Project Manager,IT,"Agile, Risk Management",Bachelors in IT Management,Senior-level,Colombo,180000-220000,High,,,,,,180000.0,35,4,0,4,2,"['Agile', 'Risk Management']"
830,Cloud Engineer,IT,"Azure, Terraform",Bachelors in IT,Senior-level,Colombo,180000-220000,High,,,,,,180000.0,5,4,0,4,2,"['Azure', 'Terraform']"
832,UI/UX Designer,IT,"Figma, Prototyping",Bachelors in Design,Entry-level,Colombo,100000-140000,High,,,,,,100000.0,43,4,0,1,2,"['Figma', 'Prototyping']"
834,Cybersecurity Analyst,IT,"Penetration Testing, SIEM",Bachelors in Cybersecurity,Mid-level,Colombo,140000-180000,High,,,,,,140000.0,6,4,0,3,2,"['Penetration Testing', 'SIEM']"
836,Backend Developer,IT,"Java, Spring Boot",Bachelors in Software Engineering,Mid-level,Colombo,130000-170000,High,,,,,,130000.0,2,4,0,3,2,"['Java', 'Spring Boot']"
837,IT Support Specialist,IT,"Technical Support, Hardware Troubleshooting",Diploma in IT,Entry-level,Kandy,80000-110000,Medium,,,,,,80000.0,20,4,4,1,3,"['Technical Support', 'Hardware Troubleshooting']"
840,Software Engineer,IT,"C#, .NET Core",Bachelors in Computer Science,Mid-level,Colombo,150000-200000,High,,,,,,150000.0,40,4,0,3,2,"['C#', '.NET Core']"
842,Data Engineer,IT,"ETL, Apache Spark",Bachelors in Data Science,Mid-level,Kandy,140000-180000,High,,,,,,140000.0,8,4,4,3,2,"['ETL', 'Apache Spark']"
844,Business Analyst,IT,"Data Analysis, Stakeholder Management",Bachelors in Business Information Systems,Mid-level,Colombo,130000-160000,High,,,,,,130000.0,3,4,0,3,2,"['Data Analysis', 'Stakeholder Management']"
845,Graphic Designer,IT,"Adobe Illustrator, Branding",Diploma in Graphic Design,Entry-level,Colombo,90000-120000,Medium,,,,,,90000.0,17,4,0,1,3,"['Adobe Illustrator', 'Branding']"
847,DevOps Engineer,IT,"Docker, CI/CD",Bachelors in Computer Science,Mid-level,Colombo,160000-210000,High,,,,,,160000.0,11,4,0,3,2,"['Docker', 'CI/CD']"
849,Network Administrator,IT,"LAN/WAN, Network Security",Diploma in IT,Mid-level,Galle,120000-160000,Medium,,,,,,120000.0,28,4,1,3,3,"['LAN/WAN', 'Network Security']"
850,AI Engineer,IT,"Machine Learning, PyTorch",Masters in AI,Mid-level,Colombo,180000-220000,High,,,,,,180000.0,0,4,0,3,2,"['Machine Learning', 'PyTorch']"
854,Web Developer,IT,"JavaScript, Angular",Bachelors in Software Engineering,Entry-level,Colombo,110000-140000,High,,,,,,110000.0,44,4,0,1,2,"['JavaScript', 'Angular']"
856,Project Manager,IT,"Scrum, Budget Management",Bachelors in IT Management,Senior-level,Colombo,180000-220000,High,,,,,,180000.0,35,4,0,4,2,"['Scrum', 'Budget Management']"
858,Cloud Engineer,IT,"Google Cloud, Infrastructure",Bachelors in IT,Senior-level,Colombo,180000-220000,High,,,,,,180000.0,5,4,0,4,2,"['Google Cloud', 'Infrastructure']"
860,Data Analyst,IT,"Python, Power BI",Bachelors in Data Science,Entry-level,Kandy,100000-130000,Medium,,,,,,100000.0,7,4,4,1,3,"['Python', 'Power BI']"
861,Software Engineer,IT,"Go, Microservices",Bachelors in Computer Science,Mid-level,Colombo,150000-200000,High,,,,,,150000.0,40,4,0,3,2,"['Go', 'Microservices']"
863,Business Analyst,IT,"Process Modeling, SQL",Bachelors in Business Information Systems,Mid-level,Colombo,130000-160000,High,,,,,,130000.0,3,4,0,3,2,"['Process Modeling', 'SQL']"
865,Full Stack Developer,IT,"Python, Flask, React",Bachelors in Software Engineering,Mid-level,Colombo,150000-190000,High,,,,,,150000.0,16,4,0,3,2,"['Python', 'Flask', 'React']"
869,Cybersecurity Analyst,IT,"Threat Analysis, Incident Response",Bachelors in Cybersecurity,Mid-level,Colombo,140000-180000,High,,,,,,140000.0,6,4,0,3,2,"['Threat Analysis', 'Incident Response']"
871,Web Developer,IT,"PHP, Laravel",Bachelors in Software Engineering,Entry-level,Colombo,110000-140000,High,,,,,,110000.0,44,4,0,1,2,"['PHP', 'Laravel']"
873,DevOps Engineer,IT,"Jenkins, Ansible",Bachelors in Computer Science,Mid-level,Colombo,160000-210000,High,,,,,,160000.0,11,4,0,3,2,"['Jenkins', 'Ansible']"
875,Data Scientist,IT,"R, Statistical Modeling",Masters in Data Science,Mid-level,Kandy,180000-220000,High,,,,,,180000.0,9,4,4,3,2,"['R', 'Statistical Modeling']"
877,Project Manager,IT,"PMP, Stakeholder Engagement",Bachelors in IT Management,Senior-level,Colombo,180000-220000,High,,,,,,180000.0,35,4,0,4,2,"['PMP', 'Stakeholder Engagement']"
879,UI/UX Designer,IT,"Sketch, User Testing",Bachelors in Design,Entry-level,Colombo,100000-140000,High,,,,,,100000.0,43,4,0,1,2,"['Sketch', 'User Testing']"
881,Software Engineer,IT,"Ruby, Rails",Bachelors in Computer Science,Mid-level,Colombo,150000-200000,High,,,,,,150000.0,40,4,0,3,2,"['Ruby', 'Rails']"
883,Network Engineer,IT,"Routing, Switching",Bachelors in IT,Mid-level,Galle,120000-160000,Medium,,,,,,120000.0,29,4,1,3,3,"['Routing', 'Switching']"
884,Data Analyst,IT,"Excel, SQL",Bachelors in Data Science,Entry-level,Kandy,100000-130000,Medium,,,,,,100000.0,7,4,4,1,3,"['Excel', 'SQL']"
885,Business Analyst,IT,"Agile, Data Mapping",Bachelors in Business Information Systems,Mid-level,Colombo,130000-160000,High,,,,,,130000.0,3,4,0,3,2,"['Agile', 'Data Mapping']"
887,Full Stack Developer,IT,"Angular, Java",Bachelors in Software Engineering,Mid-level,Colombo,150000-190000,High,,,,,,150000.0,16,4,0,3,2,"['Angular', 'Java']"
891,Cloud Engineer,IT,"AWS, DevOps",Bachelors in IT,Senior-level,Colombo,180000-220000,High,,,,,,180000.0,5,4,0,4,2,"['AWS', 'DevOps']"
893,Web Developer,IT,"WordPress, JavaScript",Bachelors in Software Engineering,Entry-level,Colombo,110000-140000,High,,,,,,110000.0,44,4,0,1,2,"['WordPress', 'JavaScript']"
895,Project Manager,IT,"Kanban, Team Leadership",Bachelors in IT Management,Senior-level,Colombo,180000-220000,High,,,,,,180000.0,35,4,0,4,2,"['Kanban', 'Team Leadership']"
897,Data Engineer,IT,"Hadoop, Data Pipelines",Bachelors in Data Science,Mid-level,Kandy,140000-180000,High,,,,,,140000.0,8,4,4,3,2,"['Hadoop', 'Data Pipelines']"
899,Cybersecurity Analyst,IT,"Vulnerability Assessment, Firewalls",Bachelors in Cybersecurity,Mid-level,Colombo,140000-180000,High,,,,,,140000.0,6,4,0,3,2,"['Vulnerability Assessment', 'Firewalls']"
901,Software Engineer,IT,"Python, Flask",Bachelors in Computer Science,Mid-level,Colombo,150000-200000,High,,,,,,150000.0,40,4,0,3,2,"['Python', 'Flask']"
904,UI/UX Designer,IT,"Adobe XD, User Research",Bachelors in Design,Entry-level,Colombo,100000-140000,High,,,,,,100000.0,43,4,0,1,2,"['Adobe XD', 'User Research']"
906,Network Administrator,IT,"Network Monitoring, Security",Diploma in IT,Mid-level,Galle,120000-160000,Medium,,,,,,120000.0,28,4,1,3,3,"['Network Monitoring', 'Security']"
907,Data Analyst,IT,"SQL, Python",Bachelors in Data Science,Entry-level,Kandy,100000-130000,Medium,,,,,,100000.0,7,4,4,1,3,"['SQL', 'Python']"
909,Business Analyst,IT,"Requirements Analysis, Agile",Bachelors in Business Information Systems,Mid-level,Colombo,130000-160000,High,,,,,,130000.0,3,4,0,3,2,"['Requirements Analysis', 'Agile']"
911,DevOps Engineer,IT,"AWS, Docker",Bachelors in Computer Science,Mid-level,Colombo,160000-210000,High,,,,,,160000.0,11,4,0,3,2,"['AWS', 'Docker']"
913,Full Stack Developer,IT,"React, Python",Bachelors in Software Engineering,Mid-level,Colombo,150000-190000,High,,,,,,150000.0,16,4,0,3,2,"['React', 'Python']"
915,Project Manager,IT,"Agile, Risk Management",Bachelors in IT Management,Senior-level,Colombo,180000-220000,High,,,,,,180000.0,35,4,0,4,2,"['Agile', 'Risk Management']"
917,Cloud Engineer,IT,"Azure, Kubernetes",Bachelors in IT,Senior-level,Colombo,180000-220000,High,,,,,,180000.0,5,4,0,4,2,"['Azure', 'Kubernetes']"
919,Data Scientist,IT,"Machine Learning, Python",Masters in Data Science,Mid-level,Kandy,180000-220000,High,,,,,,180000.0,9,4,4,3,2,"['Machine Learning', 'Python']"
921,Software Engineer,IT,"Java, Spring",Bachelors in Computer Science,Mid-level,Colombo,150000-200000,High,,,,,,150000.0,40,4,0,3,2,"['Java', 'Spring']"
923,Network Engineer,IT,"Cisco, Network Security",Bachelors in IT,Mid-level,Galle,120000-160000,Medium,,,,,,120000.0,29,4,1,3,3,"['Cisco', 'Network Security']"
924,Business Analyst,IT,"Data Analysis, UML",Bachelors in Business Information Systems,Mid-level,Colombo,130000-160000,High,,,,,,130000.0,3,4,0,3,2,"['Data Analysis', 'UML']"
926,Cybersecurity Analyst,IT,"SIEM, Threat Hunting",Bachelors in Cybersecurity,Mid-level,Colombo,140000-180000,High,,,,,,140000.0,6,4,0,3,2,"['SIEM', 'Threat Hunting']"
928,Web Developer,IT,"HTML, CSS, React",Bachelors in Software Engineering,Entry-level,Colombo,110000-140000,High,,,,,,110000.0,44,4,0,1,2,"['HTML', 'CSS', 'React']"
930,Project Manager,IT,"Scrum, Leadership",Bachelors in IT Management,Senior-level,Colombo,180000-220000,High,,,,,,180000.0,35,4,0,4,2,"['Scrum', 'Leadership']"
932,UI/UX Designer,IT,"Figma, User Testing",Bachelors in Design,Entry-level,Colombo,100000-140000,High,,,,,,100000.0,43,4,0,1,2,"['Figma', 'User Testing']"
934,Data Engineer,IT,"ETL, Big Data",Bachelors in Data Science,Mid-level,Kandy,140000-180000,High,,,,,,140000.0,8,4,4,3,2,"['ETL', 'Big Data']"
936,Software Engineer,IT,"Python, SQL",Bachelors in Computer Science,Mid-level,Colombo,150000-200000,High,,,,,,150000.0,40,4,0,3,2,"['Python', 'SQL']"
939,DevOps Engineer,IT,"AWS, Terraform",Bachelors in Computer Science,Mid-level,Colombo,160000-210000,High,,,,,,160000.0,11,4,0,3,2,"['AWS', 'Terraform']"
941,Full Stack Developer,IT,"Node.js, React",Bachelors in Software Engineering,Mid-level,Colombo,150000-190000,High,,,,,,150000.0,16,4,0,3,2,"['Node.js', 'React']"
943,Network Administrator,IT,"Networking, Cybersecurity",Diploma in IT,Mid-level,Galle,120000-160000,Medium,,,,,,120000.0,28,4,1,3,3,"['Networking', 'Cybersecurity']"
944,Data Analyst,IT,"SQL, Tableau",Bachelors in Data Science,Entry-level,Kandy,100000-130000,Medium,,,,,,100000.0,7,4,4,1,3,"['SQL', 'Tableau']"
945,Business Analyst,IT,"Requirements Gathering, SQL",Bachelors in Business Information Systems,Mid-level,Colombo,130000-160000,High,,,,,,130000.0,3,4,0,3,2,"['Requirements Gathering', 'SQL']"
948,Web Developer,IT,"JavaScript, Vue.js",Bachelors in Software Engineering,Entry-level,Colombo,110000-140000,High,,,,,,110000.0,44,4,0,1,2,"['JavaScript', 'Vue.js']"
950,Project Manager,IT,"Agile, Budget Management",Bachelors in IT Management,Senior-level,Colombo,180000-220000,High,,,,,,180000.0,35,4,0,4,2,"['Agile', 'Budget Management']"
952,Cloud Engineer,IT,"Google Cloud, DevOps",Bachelors in IT,Senior-level,Colombo,180000-220000,High,,,,,,180000.0,5,4,0,4,2,"['Google Cloud', 'DevOps']"
954,Data Scientist,IT,"Python, Machine Learning",Masters in Data Science,Mid-level,Kandy,180000-220000,High,,,,,,180000.0,9,4,4,3,2,"['Python', 'Machine Learning']"
956,Software Engineer,IT,"C#, .NET",Bachelors in Computer Science,Mid-level,Colombo,150000-200000,High,,,,,,150000.0,40,4,0,3,2,"['C#', '.NET']"
959,Cybersecurity Analyst,IT,"Penetration Testing, SIEM",Bachelors in Cybersecurity,Mid-level,Colombo,140000-180000,High,,,,,,140000.0,6,4,0,3,2,"['Penetration Testing', 'SIEM']"
961,Full Stack Developer,IT,"Python, React",Bachelors in Software Engineering,Mid-level,Colombo,150000-190000,High,,,,,,150000.0,16,4,0,3,2,"['Python', 'React']"
963,Business Analyst,IT,"Data Analysis, Agile",Bachelors in Business Information Systems,Mid-level,Colombo,130000-160000,High,,,,,,130000.0,3,4,0,3,2,"['Data Analysis', 'Agile']"
965,Web Developer,IT,"PHP, Laravel",Bachelors in Software Engineering,Entry-level,Colombo,110000-140000,High,,,,,,110000.0,44,4,0,1,2,"['PHP', 'Laravel']"
967,DevOps Engineer,IT,"Docker, Jenkins",Bachelors in Computer Science,Mid-level,Colombo,160000-210000,High,,,,,,160000.0,11,4,0,3,2,"['Docker', 'Jenkins']"
969,Data Engineer,IT,"Apache Spark, ETL",Bachelors in Data Science,Mid-level,Kandy,140000-180000,High,,,,,,140000.0,8,4,4,3,2,"['Apache Spark', 'ETL']"
971,Project Manager,IT,"PMP, Stakeholder Management",Bachelors in IT Management,Senior-level,Colombo,180000-220000,High,,,,,,180000.0,35,4,0,4,2,"['PMP', 'Stakeholder Management']"
973,Cloud Engineer,IT,"AWS, Infrastructure",Bachelors in IT,Senior-level,Colombo,180000-220000,High,,,,,,180000.0,5,4,0,4,2,"['AWS', 'Infrastructure']"
975,Software Engineer,IT,"Python, Django",Bachelors in Computer Science,Mid-level,Colombo,150000-200000,High,,,,,,150000.0,40,4,0,3,2,"['Python', 'Django']"
978,UI/UX Designer,IT,"Figma, Prototyping",Bachelors in Design,Entry-level,Colombo,100000-140000,High,,,,,,100000.0,43,4,0,1,2,"['Figma', 'Prototyping']"
980,Network Engineer,IT,"Cisco, Troubleshooting",Bachelors in IT,Mid-level,Galle,120000-160000,High,,,,,,120000.0,29,4,1,3,2,"['Cisco', 'Troubleshooting']"
981,Data Analyst,IT,"SQL, Python",Bachelors in Data Science,Entry-level,Kandy,100000-130000,Medium,,,,,,100000.0,7,4,4,1,3,"['SQL', 'Python']"
983,Business Analyst,IT,"Requirements Analysis, SQL",Bachelors in Business Information Systems,Mid-level,Colombo,130000-160000,High,,,,,,130000.0,3,4,0,3,2,"['Requirements Analysis', 'SQL']"
985,DevOps Engineer,IT,"AWS, Kubernetes",Bachelors in Computer Science,Mid-level,Colombo,160000-210000,High,,,,,,160000.0,11,4,0,3,2,"['AWS', 'Kubernetes']"
987,Full Stack Developer,IT,"React, Node.js",Bachelors in Software Engineering,Mid-level,Colombo,150000-190000,High,,,,,,150000.0,16,4,0,3,2,"['React', 'Node.js']"
989,Project Manager,IT,"Agile, Team Leadership",Bachelors in IT Management,Senior-level,Colombo,180000-220000,High,,,,,,180000.0,35,4,0,4,2,"['Agile', 'Team Leadership']"
991,Cloud Engineer,IT,"Azure, Terraform",Bachelors in IT,Senior-level,Colombo,180000-220000,High,,,,,,180000.0,5,4,0,4,2,"['Azure', 'Terraform']"
993,Data Scientist,IT,"Python, TensorFlow",Masters in Data Science,Mid-level,Kandy,180000-220000,High,,,,,,180000.0,9,4,4,3,2,"['Python', 'TensorFlow']"
995,Software Engineer,IT,"Java, Spring Boot",Bachelors in Computer Science,Mid-level,Colombo,150000-200000,High,,,,,,150000.0,40,4,0,3,2,"['Java', 'Spring Boot']"
997,Cybersecurity Analyst,IT,"Threat Analysis, SIEM",Bachelors in Cybersecurity,Mid-level,Colombo,140000-180000,High,,,,,,140000.0,6,4,0,3,2,"['Threat Analysis', 'SIEM']"
999,Web Developer,IT,"HTML, CSS, JavaScript",Bachelors in Software Engineering,Entry-level,Colombo,110000-140000,High,,,,,,110000.0,44,4,0,1,2,"['HTML', 'CSS', 'JavaScript']"
